,1,2,3
0,0.0,0.0,0.0
1,0.0,0.0,0.0
2,0.0,0.0,0.0
3,0.0,0.0,0.0
4,0.0,0.0,0.0
5,0.0,0.0,0.0
6,0.0,0.0,0.0
7,0.0,0.0,0.0
8,0.0,0.0,0.0
9,0.0,0.0,0.0
10,0.0,0.0,0.0
11,0.0,0.0,0.0
12,0.0,0.0,0.0
13,0.0,0.0,0.0
14,0.0,0.0,0.0
15,0.0,0.0,0.0
16,0.0,0.0,0.0
17,0.0,0.0,0.0
18,0.0,0.0,0.0
19,0.0,0.0,0.0
20,0.0,0.0,0.0
21,0.0,0.0,0.0
22,0.0,0.0,0.0
23,0.0,0.0,0.0
24,0.0,0.0,0.0
25,0.0,0.0,0.0
26,0.0,0.0,0.0
27,0.0,0.0,0.0
28,0.0,0.0,0.0
29,0.0,0.0,0.0
30,0.0,0.0,0.0
31,0.0,0.0,0.0
32,0.0,0.0,0.0
33,0.0,0.0,0.0
34,0.0,0.0,0.0
35,0.0,0.0,0.0
36,0.0,0.0,0.0
37,0.0,0.0,0.0
38,0.0,0.0,0.0
39,0.0,0.0,0.0
40,0.0,0.0,0.0
41,0.0,0.0,0.0
42,0.0,0.0,0.0
43,0.0,0.0,0.0
44,0.0,0.0,0.0
45,0.0,0.0,0.0
46,0.0,0.0,0.0
47,0.0,0.0,0.0
48,0.0,0.0,0.0
49,0.0,0.0,0.0
50,0.0,0.0,0.0
51,0.0,0.0,0.0
52,0.0,0.0,0.0
53,0.0,0.0,0.0
54,0.0,0.0,0.0
55,0.18240083729275983,0.23576940498924545,0.0
56,0.11093815271769862,0.2516525842550979,0.0
57,0.1850484772603863,0.0,0.0
58,0.13565124497545855,0.0,0.0
59,0.0,0.12488823190608976,0.0
60,0.12556626722436146,0.14265862231001633,0.0
61,0.16948291119208544,0.0,0.0
62,0.0885935301809278,0.0,0.0
63,0.32834636085233004,0.1436811070307471,0.0
64,0.0,0.3411274546630312,0.0
65,0.16197502663309785,0.0,0.0
66,0.0,0.33951206506191994,0.0
67,0.18387118502661537,0.18472448704521252,0.0
68,0.24744998797596135,0.0,0.0
69,0.0,0.12119479048975663,0.0
70,0.0889693183167764,0.2530433328766861,0.0
71,0.0,0.5022035684280974,0.0
72,0.141828410173932,0.0,0.0
73,0.16550985764365475,0.0,0.0
74,0.11767181130078434,0.0,0.0
75,0.0,0.09524888010947749,0.0
76,0.23877288629513665,0.0,0.0
77,0.09829784518592354,0.0,0.0
78,0.020114414488405223,0.0,0.0
79,0.0,0.04314800820786583,0.0
80,0.14235989040694427,0.3996466139607372,0.0
81,0.0,0.28340779629408674,0.0
82,0.1602336090491674,0.0,0.0
83,0.1312451881688187,0.0,0.0
84,0.16118622606492508,0.12126893428846258,0.0
85,0.0,0.0,0.0
86,0.0,0.1658844741412454,0.0
87,0.057972705727755675,0.22711865904802309,0.0
88,0.07031758233512148,0.23723560493237938,0.0
89,0.0792694347756468,0.0,0.0
90,0.0,0.16667034930567526,0.0
91,0.0,0.0,0.0
92,0.11501982636933711,0.0,0.0
93,0.0,0.0,0.0
94,0.0,0.13581756795573763,0.0
95,0.09983733573302025,0.44958577676431555,0.0
96,0.38406463319591855,0.19634566820993793,0.0
97,0.0,0.24167226427795974,0.0
98,0.11430059978386273,0.0,0.0
99,0.09664874976587098,0.28104188486302795,0.0
100,0.08061010031061606,0.0,0.0
101,0.0,0.17604708474930805,0.0
102,0.0,0.0,0.0
103,0.0,0.0,0.0
104,0.12601753796139664,0.22187384457201106,0.0
105,0.12266882843321754,0.24204494734562745,0.0
106,0.0,0.0,0.0
107,0.0,0.0,0.0
108,0.11147583700012349,0.0,0.0
109,0.0,0.2831566403137019,0.0
110,0.0,0.0,0.0
111,0.1277270982439783,0.0,0.0
112,0.0,0.1621885776322399,0.0
113,0.0,0.1550335783024802,0.0
114,0.0,0.1526715336423804,0.0
115,0.0,0.1553988960921308,0.0
116,0.09376741196010738,0.2518652566578431,0.0
117,0.0,0.0,0.0
118,0.09992980561236037,0.362922601239429,0.0
119,0.0,0.0,0.0
120,0.11927787228284793,0.0,0.0
121,0.0,0.19532385863969207,0.0
122,0.0,0.15523023122553806,0.0
123,0.0,0.24408255150907182,0.0
124,0.0,0.0,0.0
125,0.0,0.0,0.0
126,0.0,0.0,0.0
127,0.0,0.14421288010358527,0.0
128,0.05799486304708637,0.20978484549856305,0.0
129,0.0,0.0,0.0
130,0.0,0.17309729090343973,0.0
131,0.0,0.0,0.0
132,0.14757779139386082,0.09509273621551394,0.0
133,0.0,0.0,0.0
134,0.0579703422803604,0.0,0.0
135,0.0,0.0,0.0
136,0.13878960768545823,0.0,0.0
137,0.08035071195898473,0.0,0.0
138,0.0,0.09474141245409591,0.0
139,0.0,0.0,0.0
140,0.0,0.0,0.0
141,0.0,0.0,0.0
142,0.0,0.3361851689815736,0.0
143,0.16003246982813207,0.0,0.0
144,0.0,0.0,0.0
145,0.0,0.0,0.0
146,0.212404789998836,0.18965995984450426,0.0
147,0.14246727954796704,0.4202425091439927,0.0
148,0.0,0.0,0.0
149,0.16352899329549062,0.3710781735878184,0.0
150,0.0,0.0,0.0
151,0.10930057910369802,0.0,0.0
152,0.0,0.14213587170274916,0.0
153,0.0,0.0,0.0
154,0.0,0.0,0.0
155,0.0,0.22017725278076072,0.0
156,0.18389127432947522,0.0,0.0
157,0.0,0.22425761680226144,0.0
158,0.1865082999348673,0.26398150725995456,0.0
159,0.0,0.16046915347913637,0.0
160,0.0,0.0,0.0
161,0.0,0.0,0.0
162,0.1609959685496055,0.0,0.0
163,0.0,0.0,0.0
164,0.0,0.0,0.0
165,0.166734271109869,0.1255568763954133,0.0
166,0.08133538323004083,0.0,0.0
167,0.0,0.0,0.0
168,0.0,0.0,0.0
169,0.14631689220848204,0.0,0.0
170,0.20645697767467894,0.1943869952759107,0.0
171,0.0,0.0,0.0
172,0.10508093921036041,0.27533821356654753,0.0
173,0.0,0.0,0.0
174,0.0,0.14587632814375845,0.0
175,0.0,0.6822589602289718,0.0
176,0.0,0.0,0.0
177,0.0,0.3866119131898872,0.0
178,0.0,0.19032173007434514,0.0
179,0.0,0.0,0.0
180,0.0,0.1499806293188149,0.0
181,0.0,0.0,0.0
182,0.19636215222610157,0.0,0.0
183,0.3200917253934106,0.0,0.0
184,0.14111996681719857,0.0,0.0
185,0.0,0.0,0.0
186,0.0,0.0,0.0
187,0.0,0.0,0.0
188,0.0,0.3436428812378381,0.0
189,0.0,0.0,0.0
190,0.0,0.13335866988971234,0.0
191,0.31719975207436824,0.0,0.0
192,0.05887997409661655,0.0,0.0
193,0.0,0.0,0.0
194,0.0,0.0,0.0
195,0.0,0.3410521446953058,0.0
196,0.0,0.0,0.0
197,0.0,0.0,0.0
198,0.07705000995602215,0.1042661899858734,0.0
199,0.0,0.0,0.0
200,0.0,0.0,0.0
201,0.0,0.0,0.0
202,0.0,0.0,0.0
203,0.0,0.0,0.0
204,0.0,0.0,0.0
205,0.0,0.0,0.0
206,0.0,0.0,0.0
207,0.0,0.0,0.0
208,0.0,0.0,0.0
209,0.0,0.042840507850649835,0.0
210,0.0,0.0,0.0
211,0.1082958185297821,0.07241209908950433,0.0
212,0.0,0.03905015165107437,0.0
213,0.0,0.0,0.0
214,0.0,0.0,0.0
215,0.0,0.0,0.0
216,0.0,0.0,0.0
217,0.0,0.0,0.0
218,0.0,0.0,0.0
219,0.0,0.0,0.0
220,0.0,0.0,0.0
221,0.0,0.0,0.0
222,0.0,0.0,0.0
223,0.0,0.5719326194905879,0.0
224,0.0,0.0,0.0
225,0.0,0.0,0.0
226,0.09292188865444805,0.4254063055618161,0.0
227,0.0,0.0,0.0
228,0.0,0.0,0.0
229,0.0,0.0,0.0
230,0.0,0.0,0.0
231,0.0,0.0,0.0
232,0.09108076313352946,0.0,0.0
233,0.08606227802058918,0.0,0.0
234,0.0,0.0,0.0
235,0.0,0.0,0.0
236,0.20856714229075957,0.0,0.0
237,0.0,0.0,0.0
238,0.0,0.0,0.0
239,0.0,0.0,0.0
240,0.0,0.0,0.0
241,0.0,0.0,0.0
242,0.0,0.0,0.0
243,0.0,0.1767946604680487,0.0
244,0.0,0.0,0.0
245,0.0,0.0,0.0
246,0.0,0.0,0.0
247,0.0,0.0,0.0
248,0.0,0.0,0.0
249,0.0,0.0,0.0
250,0.0,0.0,0.0
251,0.0,0.0,0.0
252,0.0,0.0,0.0
253,0.0,0.13880418819169169,0.0
254,0.0,0.0,0.0
255,0.0,0.10560409273768857,0.0
256,0.05749440306113706,0.18066327274655636,0.0
257,0.0,0.0,0.0
258,0.0,0.0,0.0
259,0.0,0.0,0.0
260,0.0,0.0,0.0
261,0.0,0.0,0.0
262,0.0,0.0,0.0
263,0.0,0.23861180712988375,0.0
264,0.29696805150897254,0.09625534535052097,0.0
265,0.0,0.0,0.0
266,0.0,0.0,0.0
267,0.3461438583160555,0.1591165201712869,0.0
268,0.0,0.21821919361990158,0.0
269,0.0,0.0,0.0
270,0.0,0.0,0.0
271,0.0,0.0,0.0
272,0.33404404166048723,0.0,0.0
273,0.0,0.0,0.0
274,0.0,0.0,0.0
275,0.0,0.0,0.0
276,0.0,0.0,0.0
277,0.0,0.0,0.0
278,0.0,0.0,0.0
279,0.0,0.17448711886527582,0.0
280,0.0,0.0,0.0
281,0.0,0.0,0.0
282,0.1182988141993556,0.0,0.0
283,0.0,0.0,0.0
284,0.0,0.0,0.0
285,0.0,0.0,0.0
286,0.0,0.0,0.0
287,0.03662900316288347,0.0,0.0
288,0.0,0.0,0.0
289,0.0,0.0,0.0
290,0.0,0.0,0.0
291,0.0,0.0,0.0
292,0.0,0.0,0.0
293,0.0,0.0,0.0
294,0.0,0.0,0.0
295,0.0,0.0,0.0
296,0.0,0.0,0.0
297,0.0,0.0,0.0
298,0.0,0.0,0.0
299,0.06459390360561626,0.0,0.0
300,0.0,0.0,0.0
301,0.0,0.0,0.0
302,0.0,0.0,0.0
303,0.0,0.0,0.0
304,0.0,0.0,0.0
305,0.0,0.0,0.0
306,0.0,0.4598673366123551,0.0
307,0.0,0.0,0.0
308,0.0,0.0,0.0
309,0.2678104964243995,0.0,0.0
310,0.13236324650224557,0.1947263504605508,0.0
311,0.14317203001814538,0.0,0.0
312,0.19357146247564416,0.0,0.0
313,0.3166115491038694,0.0,0.0
314,0.13424425519795938,0.0,0.14073305670816044
315,0.14294444972937545,0.0,0.0
316,0.0,0.0,0.0
317,0.1984119996951153,0.0,0.0
318,0.3076439403473755,0.1905191195252047,0.0
319,0.0,0.0,0.0
320,0.170074265425778,0.0,0.2333203319502075
321,0.0,0.0,0.21807925311203322
322,0.09699794911852275,0.2690213828751394,0.0
323,0.0,0.0,0.0
324,0.0,0.0,0.1866359612724758
325,0.1333037508501025,0.0,0.0
326,0.0,0.0,0.10724702627939142
327,0.0,0.4415602015729288,0.0
328,0.14584302100572957,0.0,0.0
329,0.0,0.0,0.0
330,0.17150031049790154,0.20607532322522581,0.0
331,0.13816329412571057,0.0,0.12489903181189489
332,0.0,0.13393021546384312,0.0
333,0.0,0.0,0.0
334,0.08333781403568688,0.10225344363573693,0.1061460580912863
335,0.0,0.07974404922362603,0.12927579529737204
336,0.0,0.0,0.0
337,0.0,0.04906564083074444,0.0
338,0.0,0.0,0.0
339,0.06180030878440219,0.1335181281587836,0.07538921161825726
340,0.24536838168257366,0.0,0.08995795297372061
341,0.07090844418394002,0.36258195713113583,0.0
342,0.0,0.0,0.1251430152143845
343,0.0,0.14611717273491923,0.0
344,0.0,0.0,0.0
345,0.07326361951333073,0.18293767059825208,0.0
346,0.1450650332093902,0.0,0.07873065928999538
347,0.0,0.0,0.0
348,0.10882729876279437,0.15395401267711653,0.0
349,0.0,0.0,0.0
350,0.12126110007840737,0.1502273661323894,0.0
351,0.0,0.0,0.0
352,0.1747134172317768,0.24229076349944983,0.09675435684647303
353,0.18882319818156357,0.0,0.0
354,0.0,0.0,0.0
355,0.20333801492871545,0.0,0.1571380359612725
356,0.16949571319880985,0.0,0.0
357,0.0,0.174034522531122,0.0
358,0.1276775643256523,0.20206861198389658,0.0
359,0.459377361600952,0.35359705447801537,0.25993333333333335
360,0.0,0.5053621065284352,0.0
361,0.37447612711329126,0.33319339305100754,0.0
362,0.15635208984881618,0.2636668257566719,0.0
363,0.0,0.0,0.0
364,0.0,0.3928532497816195,0.0
365,0.0,0.0,0.3481784232365145
366,0.0,0.33458543059624873,0.20370470262793916
367,0.0,0.21452587495820205,0.0
368,0.5236545632556016,0.0,0.0
369,0.3040696200699226,0.7402395335716738,0.0
370,0.0,0.44231931622722964,0.0
371,0.0,0.4133394023224195,0.0
372,0.27951470152909136,0.29232211503287614,0.23367095435684648
373,0.2396410100665133,0.0,0.0
374,0.33652979745846684,0.0,0.0
375,0.0,0.0,0.0
376,0.0,0.48725364986352143,0.0
377,0.0,0.0,0.0
378,0.0,0.0,0.0
379,0.0,0.0,0.0
380,0.321124256474221,0.0,0.0
381,0.3060792889332167,0.25095380350322083,0.0
382,0.24092938432786215,0.17175717856821943,0.0
383,0.0,0.3175149257359018,0.0
384,0.13769119550850456,0.44754246451040786,0.0
385,0.0,0.0,0.0
386,0.0,0.0,0.0
387,0.16387287489150298,0.0,0.0
388,0.23585432419289748,0.19667317757243385,0.0
389,0.0,0.0,0.0
390,0.4054978513308867,0.0,0.30686445366528353
391,0.04442320952611108,0.1648577543856548,0.027982849239280776
392,0.0,0.0,0.0
393,0.26188090234058103,0.0,0.14294384508990318
394,0.3524095050763896,0.0,0.0
395,0.0,0.15857590876482816,0.08897869986168741
396,0.03979129577776032,0.1041649174131376,0.0
397,0.14070537875327754,0.08865447050279808,0.10652724757952974
398,0.07417561477698216,0.19106635968187893,0.0
399,0.10420520809268023,0.10062792677735206,0.07832171507607193
400,0.0,0.15105448685371528,0.0
401,0.14263966349235985,0.1278606739818608,0.11132282157676349
402,0.31039272814505425,0.239574375313945,0.0
403,0.1468533947672093,0.0,0.0
404,0.6522063076865808,0.174719125122816,0.1627737206085754
405,0.2572941156659338,0.44707311216876505,0.0
406,0.3633141559272602,0.5146848913105924,0.1659814661134163
407,0.17773998887998,0.45369449710618226,0.0
408,0.28490737945088845,0.0,0.0
409,0.22640511379112913,0.0,0.0
410,0.3285082569989063,0.0,0.18217219917012448
411,0.0,0.0,0.51683540802213
412,0.0,0.0,0.0
413,0.3988531666945356,0.21421119345491935,0.4600808437067773
414,0.29251738463274685,0.34762952209657055,0.0
415,0.2236429823633647,0.2646587445736314,0.24225532503457817
416,0.23640264398860106,0.22625692152001664,0.1947524204702628
417,0.6722232299699311,0.14041251940136987,0.10528713692946058
418,0.1957862096389657,0.24424808613250723,0.0
419,0.24786595471752962,0.0,0.0
420,0.3115936548527779,0.3241274723396984,0.1366478561549101
421,0.0,0.0,0.11995988934993085
422,0.30905457377294243,0.0,0.0
423,0.0,0.0,0.0
424,0.0,0.0,0.0
425,0.0,0.0,0.0
426,0.17293865623942323,0.12302139697438588,0.07371099585062241
427,0.09687061839010236,0.0,0.1432445366528354
428,0.3289424666000568,0.2601429453157568,0.13427856154910098
429,0.15233614957785874,0.19422402433578503,0.06455656984785615
430,0.2122683814838292,0.40590555707420567,0.20920500230520978
431,0.15080891941412503,0.1439867660684588,0.1987850622406639
432,0.12912103982231604,0.3627977597770383,0.22808243430152145
433,0.15174779889189768,0.17693644206987885,0.18633416320885202
434,0.3139963945609985,0.0,0.0
435,0.14294248018987937,0.41430738398582334,0.2265911479944675
436,0.0,0.0,0.24490650069156294
437,0.24235705427006995,0.26778825120311817,0.0
438,0.36538305869089827,0.3564301086673119,0.11554107883817429
439,0.0,0.26529666971589183,0.1346980175195943
440,0.3660082890039231,0.1125900589369547,0.0
441,0.0,0.1565106848088195,0.15356597510373443
442,0.15776897656228306,0.0,0.10822959889349931
443,0.27557544527841316,0.42304092606750293,0.18302099277700934
444,0.4487170321245678,0.389071455717739,0.0
445,0.36269064896129444,0.0,0.218384785615491
446,0.3404767546085747,0.31906647415934297,0.2998656062701706
447,0.23768579897028533,0.36869730414361007,0.32273399723374824
448,0.0,0.0,0.0
449,0.1605013187051696,0.0,0.0
450,0.23700286115002595,0.20866274539265037,0.2687526970954357
451,0.17811008504668502,0.17146534477111908,0.1405119936771389
452,0.6072892853703197,0.5849327034547573,0.0
453,0.24092377114029837,0.15934852642882713,0.18841383125864453
454,0.4619985232392858,0.0,0.0
455,0.0,0.3745903064102961,0.46415076071922545
456,0.4024557991022445,0.35965236114383003,0.31585311203319505
457,0.40039203683669117,0.0,0.1842511756569848
458,0.0,0.0,0.20735228215767634
459,0.0,0.7209769992187895,0.0
460,1.0,0.46759222432869174,0.0
461,0.0,0.36239478700352507,0.22027786998616875
462,0.20126586242490885,0.0,0.25291258644536657
463,0.34564012252250326,0.39356273649118567,0.2784504994621177
464,0.18938717581626086,0.34988790046857904,0.21538492392807748
465,0.31009614832260557,0.3422466700350538,0.284379806362379
466,0.9910703048788053,0.0,0.0
467,0.3306034531148168,0.3999147100805614,0.0
468,0.0,0.2932555412669162,0.0
469,0.44095812975680715,0.31726561107502127,0.0
470,0.36101998708376,0.3196620884098513,0.0
471,0.2046039036141509,0.3352948073049096,0.17238201936376213
472,0.0,0.0,0.0
473,0.12637491090295705,0.13560205992095586,0.2244969571230982
474,0.18787634206883186,0.19034824507520687,0.3263751037344398
475,0.0,0.43890825957007407,0.0
476,0.29112787451827526,0.3022155861067288,0.2028124481327801
477,0.3938132628395757,0.47852621628622904,0.18017676348547718
478,0.0,0.38585365781802167,0.4987049792531121
479,0.36573796970808864,0.46201755587668175,0.4476448132780083
480,0.0,0.0,0.0
481,0.22758993951347253,0.4548434804768576,0.2699577455048409
482,0.0,0.47541138760364793,0.0
483,0.0,0.0,0.0
484,0.29719154500328815,0.18280380667029036,0.20326998616874137
485,0.0,0.3178470997744752,0.0
486,0.15676672715122458,0.29280495364494896,0.1739582295988935
487,0.0,0.0,0.21706445366528354
488,0.0,0.0,0.21023928077455048
489,0.8449241717446319,0.46530070220560615,0.3526210235131397
490,0.33045061684992244,0.2602884954848391,0.19759658828953433
491,0.354386233391612,0.37463339328669637,0.7315258644536653
492,0.2575788372193332,0.731232166820601,0.21738035961272476
493,0.28164427103305695,0.35087100725648235,0.7359701244813278
494,0.338630459046479,0.5552165686348163,0.317113969571231
495,0.3574343911926921,0.3063874637075926,0.0
496,0.8029768210805326,0.0,0.47799806362378977
497,0.3733866369502547,0.0,0.8919681881051176
498,0.6506133441421661,0.6727994881622797,0.0
499,0.0,0.38204507255535375,0.0
500,0.0,0.7944244108882378,0.0
501,0.3582123592936365,0.312398635361289,0.5863255878284923
502,0.4279955070865016,1.0,0.4078534808667589
503,0.6074505906550471,0.0,0.3521554633471646
504,0.4328825254380797,0.0,0.9737535269709544
505,0.5111241560277067,0.5593333294051851,0.0
506,0.4172145679352274,0.8849326298019773,0.4798197095435684
507,0.36444255434304146,0.562762848359237,0.507463623789765
508,0.0,0.0,0.0
509,0.0,0.5901029444908458,1.0
510,0.0,0.0,0.46638782849239274
511,0.32617435269607303,0.48376269221534307,0.0
512,0.0,0.2971075816698853,0.0
513,0.24205985076011424,0.49891767239538,0.24091728907330567
514,0.33352275379436713,0.39876026412869003,0.0
515,0.0,0.20759588487186625,0.0
516,0.2892302724523071,0.43112525981018207,0.3011836791147995
517,0.16650989132278016,0.2962576285867063,0.3811161825726141
518,0.0,0.0,0.4171286307053942
519,0.20811838271658187,0.5825594881229983,0.44819349930843705
520,0.5020322693290113,0.18279662552422365,0.2869269709543568
521,0.16528473927925488,0.6442228232289084,0.0
522,0.0,0.3919392187796913,0.18993222683264177
523,0.0,0.0,0.0
524,0.0,0.0,0.0
525,0.4714746670936628,0.0,0.16320497925311203
526,0.0,0.218829222771672,0.4377430152143845
527,0.22178117667773745,0.24616931890328067,0.0
528,0.1788342354808995,0.0,0.0
529,0.0,0.5806888302612759,0.20243402489626555
530,0.35167654095293016,0.3223250046769516,0.40422295988934986
531,0.0,0.0,0.0
532,0.0,0.4909156660936481,0.0
533,0.2206801056224641,0.313241836939619,0.42446473029045645
534,0.0,0.0,0.0
535,0.3855222893769539,0.0,0.4522973720608575
536,0.0,0.0,0.0
537,0.0,0.0,0.0
538,0.19988989289447268,0.23972635782582888,0.675617704011065
539,0.36865727742170845,0.41335446022414335,0.2857319156293223
540,0.5585999055802766,0.3895377698821998,0.0
541,0.0,0.27799173910417596,0.2631123098201936
542,0.0,0.0,0.0
543,0.29828744601738433,0.2816589110289146,0.36874827109266944
544,0.0,0.301673685776617,0.0
545,0.2864001919119285,0.3192140953744581,0.36109446749654217
546,0.3579057019940997,0.34639675868845027,0.44963457814661134
547,0.0,0.0,0.0
548,0.0,0.0,0.0
549,0.17858385777246263,0.18894405482123736,0.28531738128169665
550,0.0,0.2096415908411295,0.6721715076071922
551,0.195143411033636,0.47890252938377664,0.13089958506224067
552,0.34323726116625497,0.2913483025243754,0.0
553,0.17890587748006875,0.20755648063447452,0.42763983402489625
554,0.0,0.0,0.0
555,0.17486546568087277,0.1749073079761542,0.0
556,0.0,0.13592362795918458,0.0
557,0.24247729465630452,0.1650249461966441,0.13562047026279392
558,0.1316050230347492,0.22430825308862934,0.14125311203319502
559,0.10585644538693474,0.17489626005912845,0.13824343015214385
560,0.0,0.0,0.0
561,0.2313393518521254,0.7319594880247945,0.24877344398340248
562,0.0,0.0,0.0
563,0.1858635711808315,0.3569124423114599,0.0
564,0.0,0.0,0.0
565,0.0,0.17482113422335355,0.0
566,0.265738512738264,0.2139309446263668,0.1538536652835408
567,0.6014849539984508,0.2533353661500661,0.4044544951590595
568,0.21557387752497426,0.2509228693355488,0.21098035961272474
569,0.0,0.0,0.0
570,0.18696464223610484,0.0,0.0
571,0.0,0.0,0.0
572,0.0,0.0,0.0
573,0.0,0.4959916315711169,0.0
574,0.0,0.3767851592594066,0.1851204702627939
575,0.0,0.0,0.0
576,0.33408441722015647,0.0,0.0
577,0.38332310157565125,0.6728199881860942,0.0
578,0.17361190303011684,0.0,0.16044508990318118
579,0.4385249606633724,0.0,0.4889933609958506
580,0.0,0.41952918196803174,0.33463291839557396
581,0.3063128270789622,0.0,0.0
582,0.2632793246212723,0.6930269966900441,0.0
583,0.0,0.3673228024588244,0.0
584,0.2967760214081065,0.0,0.0
585,0.24127991311967376,0.0,0.0
586,0.0,0.7959416581597706,0.19346749654218534
587,0.3019968767042671,0.0,0.6041424619640388
588,0.22122635740169683,0.3479355493981831,0.2365463347164592
589,0.2504585087946832,0.33287373998506326,0.0
590,0.24632779360959278,0.0,0.0
591,0.0,0.45797121943962016,0.0
592,0.0,0.17563389265254595,0.2561235131396957
593,0.0,0.22357375073836916,0.0
594,0.1392630357418241,0.0,0.24287939142461965
595,0.4149475048790417,0.3200332984219156,0.3587715076071923
596,0.0,0.0,0.15256044260027662
597,0.4423413373448914,0.4800213151145816,0.0
598,0.0,0.0,0.17480470262793912
599,0.16792274048028008,0.1906542723768194,0.0
600,0.22558155085085094,0.36288739521050706,0.19760184416781926
601,0.5009433109416388,0.0,0.16491756569847857
602,0.2609378868298666,0.2879387575028509,0.3458259632483699
603,0.4509411346004956,0.0,0.45724619640387276
604,0.20759537150340265,0.0,0.0
605,0.2986644158769306,0.2529679124297905,0.21368372521899492
606,0.0,0.0,0.5567637621023512
607,0.2343532889044614,0.33012681863035614,0.17884117104656527
608,0.21926929165577674,0.2390121099901158,0.14892752420470262
609,0.41500836364947,0.0,0.0
610,0.29906869966830624,0.3109858113647549,0.2302964315352697
611,0.0,0.0,0.0
612,0.21436394017405608,0.3268639186323366,0.17244647302904564
613,0.0,0.2980006216294646,0.0
614,0.20206244267409104,0.1949828462674981,0.17768063623789765
615,0.18331341144133065,0.33285422199831777,0.0
616,0.16538595391395752,0.24515671593055624,0.21837399723374826
617,0.0907667200608824,0.18280067642713313,0.2223969571230982
618,0.18355103638153056,0.19991638568131034,0.11848672199170125
619,0.17278750303555274,0.20345070640381463,0.0
620,0.26056874588981727,0.2163845028658297,0.36164481327800835
621,0.27557067899283266,0.0,0.2695449515905947
622,0.28880782733261073,0.335649345005826,0.2441235961272476
623,0.41220364093010314,0.25640484576371303,0.0
624,0.17811840635105583,0.0,0.39633195020746886
625,0.28597427899590516,0.30604184803663786,0.2539874135546335
626,0.2640708431539497,0.5757069562104761,0.3292585062240664
627,0.16218891862237017,0.24499483325747096,0.3758265560165975
628,0.3700415612224459,0.2257291993500879,0.2533387275242047
629,0.32506102125743674,0.0,0.21106486860304288
630,0.3014001062369604,0.36699670477461516,0.22804965421853385
631,0.0,0.0,0.0
632,0.16832354176772868,0.0,0.3099972337482711
633,0.0,0.0,0.0
634,0.2120124577312205,0.1859522788906713,0.18969011065006916
635,0.16304094140836647,0.18130442019794923,0.0
636,0.0,0.22977605135661056,0.1199491009681881
637,0.22099636442704423,0.2610693815502311,0.17383607982612134
638,0.15684368690703318,0.0,0.11824605809128629
639,0.21381994633117415,0.30757157945440966,0.19619903181189485
640,0.0,0.0,0.0
641,0.09751990170422284,0.14594756674946877,0.11789822498847394
642,0.15587477195194563,0.2736425990910341,0.1757483501284331
643,0.3517105155092372,0.0,0.23518478561549103
644,0.1652965565162313,0.2521180084484649,0.2270838174273859
645,0.14910753272045202,0.3207174713723919,0.17351157215306592
646,0.2515418170656264,0.30588463617736183,0.21946007376671275
647,0.21839095910467884,0.43885223435529025,0.2615731673582296
648,0.0,0.367971131056284,0.3304625172890733
649,0.18837665433931897,0.36609068351253055,0.18463642231443061
650,0.0,0.0,0.24533056708160444
651,0.21060901312481425,0.4172549682482865,0.22386196403872752
652,0.31295042137312745,0.0,0.16251258644536654
653,0.23448214602599124,0.0,0.1751673582295989
654,0.16119371031501015,0.28402169221681617,0.16030124481327798
655,0.0,0.0,0.3054904564315353
656,0.1575435996958243,0.1981796991578541,0.14476798063623791
657,0.0771661881670461,0.19050843987207985,0.11361786998616877
658,0.17444989284720372,0.20552155953659354,0.1344390041493776
659,0.18729532791749362,0.16103407030305172,0.1437345781466113
660,0.13990604114880087,0.2860228382540756,0.17277786998616873
661,0.14002953127520396,0.2036646677302128,0.1346560165975104
662,0.1549151138324895,0.48274794103653035,0.2854323651452282
663,0.0,0.22682699403854398,0.0
664,0.29643726061478387,0.49284119527659814,0.2204946980175196
665,0.3029144851554823,0.45301118343814123,0.15978017519594284
666,0.26195653265722985,0.18834047028773196,0.10503623789764868
667,0.2578087809554985,0.27855383257151806,0.1550343937298294
668,0.0,0.15608018430871712,0.20995601659751037
669,0.31059273488087924,0.0,0.2793629322268326
670,0.270252897734222,0.0,0.0
671,0.23683456400008743,0.28221498951920937,0.18368879668049792
672,0.2681074045034308,0.19035634688102573,0.0
673,0.1855743443058348,0.0,0.26151479944674966
674,0.17570606513779194,0.0,0.18448243430152145
675,0.23892779057650193,0.3272509639921379,0.27973204241585986
676,0.20263725277601669,0.25855661173642325,0.33908118948824345
677,0.19643369574829603,0.2502043864649759,0.20320096818810512
678,0.0,0.0,0.0
679,0.27523881158774627,0.0,0.0
680,0.3504183006458711,0.0,0.30319460580912866
681,0.23937719025101584,0.31638987951878217,0.14577759336099586
682,0.4359872090226968,0.375847375235873,0.22214619640387276
683,0.0,0.0,0.0
684,0.0,0.0,0.0
685,0.0,0.28261989567820217,0.2271749654218534
686,0.3440692931263662,0.3639377575085327,0.23605325034578142
687,0.22865821773613645,0.3382677013409225,0.0
688,0.17846509454085013,0.30133733808050056,0.22672165975103734
689,0.0,0.23020452640525826,0.0
690,0.17008046947519057,0.2190410205476526,0.17395909201855017
691,0.20460153078799617,0.32390464637511535,0.31253490087597974
692,0.2661871773525017,0.0,0.2462582295988935
693,0.3411840162416105,0.1740275255170057,0.26719730290456434
694,0.1562190966943446,0.24264716930269967,0.16414845550945137
695,0.10788487411392879,0.14245405171309003,0.0
696,0.06825547448274476,0.0,0.0
697,0.0,0.0,0.0
698,0.12448563014135976,0.27361694809393966,0.14333582295988936
699,0.18944467405992405,0.25917529508986376,0.0
700,0.2298452591904129,0.1491321492912393,0.0
701,0.17997666686559013,0.0,0.23665255878284924
702,0.17728090891884296,0.22449563803684902,0.23883236514522824
703,0.15334135329816131,0.18772012974673757,0.0
704,0.0,0.4339599711870324,0.17142600276625172
705,0.2082455657295401,0.0,0.0
706,0.0,0.0,0.21419723374827107
707,0.2109660836013806,0.2922984847659044,0.17123928077455047
708,0.0,0.3854576513699663,0.0
709,0.15971350290674485,0.0,0.15918561549100968
710,0.171366938207077,0.24855741823436608,0.1571407192254495
711,0.09120646899186559,0.17524021854252933,0.20244591977869986
712,0.0,0.19325421551687313,0.0
713,0.08057553489246018,0.32999391628035785,0.0
714,0.176090863916835,0.2505562012449284,0.07688713692946059
715,0.10140400592516262,0.17374009554238642,0.0
716,0.1415829070757479,0.0,0.16590705394190872
717,0.10508369656565489,0.1943695290451843,0.21107510373443983
718,0.11242584437604888,0.16625445660697352,0.09343430152143845
719,0.2469770030659821,0.0,0.0
720,0.13626727753903678,0.13517669670227042,0.07827960981291404
721,0.0,0.0,0.10387496542185339
722,0.057374669127915764,0.178913230080553,0.11336825726141081
723,0.029550035067650728,0.04310013390075435,0.0
724,0.1076052672084082,0.1581235228671891,0.12007669432918396
725,0.14772215863892216,0.10813394298194576,0.0
726,0.0,0.24403366447623298,0.0
727,0.13275593239172517,0.22342784741364866,0.16323703319502075
728,0.16334455349683635,0.19114618088238977,0.14812275774018507
729,0.17194582033191072,0.18916980059246297,0.10955283540802213
730,0.12037569359795279,0.16318976442403774,0.13005656984785616
731,0.14306611803174465,0.0,0.13075325034578147
732,0.25365935514519544,0.20195739628583761,0.18250013831258644
733,0.15174971919290636,0.0,0.0
734,0.11736288903082703,0.12121866626599555,0.0
735,0.08175519057362642,0.0,0.0
736,0.14178163361090051,0.136421152489243,0.08851950207468881
737,0.0,0.13817408865732456,0.0908356846473029
738,0.0,0.0,0.0
739,0.0,0.0,0.0
740,0.0,0.0,0.0
741,0.0,0.0,0.0
