,t,x,y,z,e,label
0,2020-10-16 12:34:00,550393.5,4432572.03,859.2,1384.97,0
1,2020-10-16 13:16:00,550435.44,4432507.23,857.97,1004.08,0
2,2020-10-16 14:35:00,550437.77,4432472.38,865.88,8323.33,0
3,2020-10-16 15:59:00,550431.2,4432480.09,885.86,9446.81,0
4,2020-10-16 16:28:00,550176.69,4432497.09,857.14,2512.63,0
5,2020-10-16 22:41:00,550514.86,4432557.42,868.1,1262.69,0
6,2020-10-17 13:06:00,550562.5,4432497.51,895.49,5023.8,0
7,2020-10-17 20:44:00,550420.52,4432565.92,872.08,3799.73,0
8,2020-10-17 23:24:00,550446.66,4432699.41,858.11,1262.17,0
9,2020-10-17 23:33:00,550409.28,4432517.84,882.69,2007.77,0
10,2020-10-18 00:14:00,550458.92,4432613.21,852.53,13936.11,1
11,2020-10-18 01:26:00,550445.63,4432470.35,859.64,9721.38,0
12,2020-10-18 02:59:00,550381.43,4432503.45,867.89,6626.92,0
13,2020-10-18 02:59:00,550446.19,4432611.94,891.34,4176.93,0
14,2020-10-18 06:04:00,550479.84,4432589.66,852.04,14320.84,1
15,2020-10-18 12:00:00,550452.92,4432513.4,868.81,3642.58,0
16,2020-10-18 12:35:00,550442.53,4432603.68,861.34,7290.27,0
17,2020-10-18 13:33:00,550440.61,4432606.04,856.85,7746.18,0
18,2020-10-18 17:21:00,550471.57,4432632.45,851.22,6777.71,0
19,2020-10-19 01:44:00,550443.17,4432660.22,852.51,537.76,0
20,2020-10-19 02:02:00,550615.48,4432688.32,861.95,1108.74,0
21,2020-10-19 02:22:00,550409.44,4432506.4,862.97,401.09,0
22,2020-10-19 03:54:00,550443.51,4432598.65,858.42,11099.32,0
23,2020-10-19 04:00:00,550388.69,4432536.71,866.07,2984.44,0
24,2020-10-20 02:14:00,550441.49,4432604.18,854.07,5743.72,0
25,2020-10-20 06:29:00,550501.34,4432539.73,870.24,166.01,0
26,2020-10-20 18:23:00,550395.06,4432475.39,868.96,92.57,0
27,2020-10-21 07:12:00,550460.43,4432561.64,870.24,86.68,0
28,2020-10-22 05:58:00,550392.15,4432661.58,878.98,4472.86,0
29,2020-10-22 15:36:00,550483.34,4432579.57,876.41,6901.1,0
30,2020-10-23 03:00:00,550462.16,4432480.65,860.6,9206.87,0
31,2020-10-23 04:58:00,550472.29,4432590.56,862.01,4901.61,0
32,2020-10-23 05:33:00,550469.58,4432619.09,855.19,4393.53,0
33,2020-10-23 07:01:00,550451.66,4432602.85,853.15,4078.39,0
34,2020-10-23 11:02:00,550463.95,4432458.13,865.24,5843.48,0
35,2020-10-23 14:31:00,550462,4432602.69,859.24,6654.69,0
36,2020-10-23 16:53:00,550489.09,4432714.92,852.15,8916.01,0
37,2020-10-23 19:30:00,550467.41,4432554.37,861.68,8891.17,0
38,2020-10-24 00:32:00,550454.15,4432593.95,875.44,3684.81,0
39,2020-10-24 00:38:00,550437.98,4432537.74,869.82,6668.66,0
40,2020-10-24 08:02:00,550493.77,4432598.79,866.71,6572.29,0
41,2020-10-24 09:21:00,550530.85,4432603.02,875.95,3153.82,0
42,2020-10-24 12:14:00,550459.46,4432424.86,881.68,4681.41,0
43,2020-10-24 15:21:00,550473.22,4432531.84,883.23,18007.46,1
44,2020-10-24 15:41:00,550438.27,4432706.6,853.86,4389.59,0
45,2020-10-24 18:02:00,550500.56,4432502.42,855.75,8894.53,0
46,2020-10-24 23:19:00,550458.51,4432591.88,878.62,8473.67,0
47,2020-10-25 00:11:00,550476.76,4432639.86,887.45,7881.42,0
48,2020-10-25 01:01:00,550514.74,4432570.15,873.94,8421.3,0
49,2020-10-25 01:46:00,550476.16,4432529.35,886.53,11405.96,0
50,2020-10-25 04:05:00,550478.78,4432588.39,871.03,18765.97,1
51,2020-10-25 08:25:00,550439.8,4432607.25,862.11,16396.96,1
52,2020-10-25 11:35:00,550416.1,4432749.19,859.48,4566.45,0
53,2020-10-25 15:44:00,550389.4,4432632.53,879.83,7390.1,0
54,2020-10-25 16:17:00,550456.72,4432614.13,852.6,8528.95,0
55,2020-10-26 02:58:00,550458.36,4432579.15,852.05,8510.33,0
56,2020-10-26 03:55:00,550426.52,4432620.93,862.68,4472.25,0
57,2020-10-26 12:46:00,550442.51,4432603.74,861.58,7991.93,0
58,2020-10-26 13:39:00,550459.77,4432558.38,854.8,6978.89,0
59,2020-10-26 15:33:00,550438.32,4432647.52,857.02,10348.85,0
60,2020-10-26 15:48:00,550439.58,4432608.86,850.9,4231.99,0
61,2020-10-26 16:05:00,550577.02,4432669.98,887.64,12629.09,0
62,2020-10-26 20:25:00,550470.69,4432546.15,891.59,5853.01,0
63,2020-10-27 00:43:00,550437.23,4432605.76,869.24,5956.13,0
64,2020-10-27 01:39:00,550464.19,4432623.58,851,12449.91,0
65,2020-10-27 02:43:00,550464.82,4432597.78,854.61,18735.37,1
66,2020-10-27 02:48:00,550347.51,4432640.83,894.92,9131.44,0
67,2020-10-27 05:11:00,550448.7,4432703.37,852.39,4285.65,0
68,2020-10-27 10:25:00,550370.49,4432620.21,871.78,6544.4,0
69,2020-10-27 12:32:00,550465.98,4432728.31,864.07,5645.54,0
70,2020-10-27 15:33:00,550468.86,4432501.23,893.68,7072.67,0
71,2020-10-27 22:01:00,550224.58,4432473.47,880.47,3971.91,0
72,2020-10-28 00:14:00,550417.59,4432594.47,871.34,6085.8,0
73,2020-10-28 00:20:00,550487.84,4432590.29,854.7,10522.96,0
74,2020-10-28 02:36:00,550438.61,4432768.99,851.37,5627.72,0
75,2020-10-28 03:55:00,550505.97,4432582.8,857.94,3202.87,0
76,2020-10-28 04:21:00,550390.53,4432554.85,887.32,3181.36,0
77,2020-10-28 06:00:00,550478.16,4432539.15,863.46,8353.4,0
78,2020-10-28 09:49:00,550439.77,4432713.49,857.73,4489.08,0
79,2020-10-28 18:50:00,550247.55,4432714.52,881.4,4862.56,0
80,2020-10-28 22:30:00,550452.89,4432597.2,883.53,5041.03,0
81,2020-10-28 22:47:00,550443.09,4432588.61,858.04,9244.23,0
82,2020-10-29 02:49:00,550439.92,4432598.61,857.45,8448.91,0
83,2020-10-29 03:46:00,550453.76,4432553.33,861.47,5747.47,0
84,2020-10-29 07:06:00,550429.36,4432680.26,863.61,4450.16,0
85,2020-10-29 12:55:00,550447.88,4432465.45,858.33,4990.3,0
86,2020-10-29 13:02:00,550449.49,4432732.34,860.77,5955.41,0
87,2020-10-29 16:12:00,550485.36,4432447.3,889.92,8056.5,0
88,2020-10-29 18:13:00,550499.82,4432691.1,851.01,6433.71,0
89,2020-10-29 22:11:00,550548.2,4432641.89,890.5,3876.58,0
90,2020-10-29 22:33:00,550419.23,4432596.76,866.66,10051.85,0
91,2020-10-30 17:07:00,550472.07,4432596.59,864.87,6500.78,0
92,2020-10-30 22:12:00,550452.66,4432475.95,872.2,4990.81,0
93,2020-10-31 00:15:00,550472.48,4432557.5,892.46,7447.17,0
94,2020-10-31 03:02:00,550485.43,4432662.29,853.5,5776.53,0
95,2020-10-31 10:59:00,550406.63,4432643.61,854.63,2684.66,0
96,2020-10-31 13:45:00,550478.7,4432575.9,854.09,3531.29,0
97,2020-10-31 14:33:00,550483.64,4432647.33,889.66,3438.67,0
98,2020-10-31 17:33:00,550440.31,4432463.68,864.87,6552.71,0
99,2020-10-31 17:45:00,550413.65,4432511.43,885.15,7114.26,0
100,2020-11-01 03:38:00,550506.89,4432750.34,855.38,3391.27,0
101,2020-11-01 10:30:00,550318.42,4432518.27,860.21,5130.69,0
102,2020-11-01 10:51:00,550476.58,4432492.98,885.03,2616.94,0
103,2020-11-01 22:07:00,550434.42,4432622.61,878.98,3549.57,0
104,2020-11-01 22:12:00,550483.73,4432730.59,860.17,4253.59,0
105,2020-11-02 00:14:00,550468.91,4432444.8,871.34,13866.72,1
106,2020-11-02 02:13:00,550436.47,4432627.98,885.45,4659.53,0
107,2020-11-02 06:47:00,550427.55,4432387.83,859.52,9219.26,0
108,2020-11-02 15:43:00,550339.11,4432467.54,892.84,5016.09,0
109,2020-11-03 02:06:00,550436.38,4432661.51,863.48,3337.62,0
110,2020-11-03 02:27:00,550407.97,4432390.47,871.82,3667.74,0
111,2020-11-03 03:55:00,550560.44,4432433.38,889.29,2867.57,0
112,2020-11-03 10:06:00,550455.38,4432713.02,856.71,6871.25,0
113,2020-11-03 12:20:00,550445.12,4432468.47,890.59,5164.43,0
114,2020-11-03 12:25:00,550410.58,4432460.64,850.54,6671.09,0
115,2020-11-03 13:37:00,550443.21,4432544.72,887.92,29075.65,1
116,2020-11-04 02:28:00,550493.69,4432343.69,893.97,2680.7,0
117,2020-11-04 02:59:00,550446.58,4432425.3,852.26,2492.16,0
118,2020-11-05 23:26:00,550374.03,4432624.34,894.19,1171.66,0
119,2020-11-06 01:56:00,550444.1,4432517.5,866.64,10852.18,0
120,2020-11-06 06:09:00,550394.33,4432691.6,863.08,4609.32,0
121,2020-11-06 10:14:00,550448.66,4432573.14,883.8,10782.24,0
122,2020-11-06 22:14:00,550437.87,4432668.5,863.95,3292.99,0
123,2020-11-07 06:53:00,550433.97,4432583.99,854.76,4504.5,0
124,2020-11-07 11:13:00,550360.59,4432392.36,883.17,6167.28,0
125,2020-11-07 14:09:00,550447.07,4432673.61,872.7,6442,0
126,2020-11-07 23:10:00,550318,4432379.97,883.38,4525.84,0
127,2020-11-08 14:22:00,550344.57,4432658.58,857.91,3281,0
128,2020-11-08 15:59:00,550373.53,4432458.76,874.13,4095.1,0
129,2020-11-08 23:47:00,550419.82,4432648.94,871.19,12208.25,0
130,2020-11-09 00:15:00,550400.16,4432651.51,871.28,4366.73,0
131,2020-11-09 00:57:00,550481.66,4432650.32,886.21,7728.18,0
132,2020-11-09 02:02:00,550417.21,4432557.72,874.08,3900.06,0
133,2020-11-09 03:55:00,550374.9,4432449.87,870.59,6399.56,0
134,2020-11-09 06:40:00,550463.7,4432650.67,889.94,6725.39,0
135,2020-11-09 12:45:00,550374.31,4432453.02,871.47,10296.8,0
136,2020-11-09 14:33:00,550398.71,4432561.02,866.92,4966.27,0
137,2020-11-10 00:15:00,550397.78,4432650.1,851.24,4780.46,0
138,2020-11-10 11:40:00,550384.18,4432468.2,872.43,6024.86,0
139,2020-11-10 18:42:00,550440.37,4432611.85,851.11,9942.07,0
140,2020-11-10 18:54:00,550402.34,4432648.81,853.6,3203.12,0
141,2020-11-11 04:27:00,550424.04,4432628.19,854.15,7688.96,0
142,2020-11-11 23:26:00,550374.85,4432611.19,867.06,4404.14,0
143,2020-11-12 02:45:00,550361.44,4432625.79,854.72,4209.85,0
144,2020-11-12 07:06:00,550398.06,4432583.16,853.1,4145.71,0
145,2020-11-12 13:13:00,550414.76,4432578.44,855.74,4219.77,0
146,2020-11-12 20:53:00,550408.73,4432644.42,865.81,6839.26,0
147,2020-11-13 10:24:00,550346.75,4432444.28,853.2,9854.96,0
148,2020-11-13 22:53:00,550342.24,4432443.25,853.43,7250.87,0
149,2020-11-13 23:46:00,550566.92,4432602.05,893.04,3356.95,0
150,2020-11-14 01:51:00,550363.48,4432440.59,870.85,4215.19,0
151,2020-11-14 05:33:00,550434.33,4432685.35,853.34,7730.33,0
152,2020-11-14 10:55:00,550376.12,4432441.03,865.92,5525.52,0
153,2020-11-14 22:25:00,550369.58,4432620.01,861.44,3916.02,0
154,2020-11-14 23:24:00,550240.81,4432429.1,887.45,5696.59,0
155,2020-11-15 08:59:00,550401.17,4432653.76,867.44,4700.36,0
156,2020-11-15 16:45:00,550240.42,4432767.12,887.52,2582.19,0
157,2020-11-16 16:28:00,550350.94,4432445.21,877.67,2572.65,0
158,2020-11-17 03:39:00,550347.31,4432495.91,879.64,9128.92,0
159,2020-11-18 00:33:00,550415.56,4432596.75,868.99,5150.11,0
160,2020-11-18 01:58:00,550424.78,4432648.79,855.03,11411.45,0
161,2020-11-18 08:44:00,550363.16,4432443.52,872.25,10076.42,0
162,2020-11-19 10:48:00,550349.77,4432482.54,895.87,3859.62,0
163,2020-11-19 12:43:00,550358.99,4432653.66,870,5978.79,0
164,2020-11-19 16:11:00,550339.74,4432426.61,872.35,8313.86,0
165,2020-11-19 17:54:00,550383.96,4432585.58,853.11,3865.32,0
166,2020-11-19 23:42:00,550411.83,4432647.95,873.87,7168.27,0
167,2020-11-20 04:22:00,550351.18,4432554.73,894.74,4357.45,0
168,2020-11-21 11:19:00,550403.71,4432617,872.78,3433.57,0
169,2020-11-21 11:24:00,550381.81,4432584.93,868.03,3561.71,0
170,2020-11-21 11:28:00,550319.6,4432567.94,874.74,3233,0
171,2020-11-22 13:46:00,550478.48,4432650.8,873.09,5278.47,0
172,2020-11-23 05:19:00,550354.55,4432438.94,855.44,10433.94,0
173,2020-11-23 06:08:00,550399.24,4432630.78,858.85,4519.37,0
174,2020-11-23 12:50:00,550196.49,4432494.43,890.17,3961.19,0
175,2020-11-23 14:53:00,550361.87,4432601.54,873.76,18526.36,1
176,2020-11-24 00:28:00,550380.01,4432578.17,860.91,10498.23,0
177,2020-11-24 02:25:00,550314.64,4432482.44,869.51,5168.08,0
178,2020-11-24 12:07:00,550289.96,4432493.45,876.11,4072.64,0
179,2020-11-26 01:49:00,550376.25,4432611.94,880.83,9331.43,0
180,2020-11-26 06:25:00,550365.61,4432608.64,860.23,3621.28,0
181,2020-11-27 10:08:00,550354.28,4432629.08,873.95,9261.08,0
182,2020-11-28 07:02:00,550314.7,4432542.48,885.95,2259.4,0
183,2020-11-28 08:25:00,550426.08,4432691.08,855.76,3403.18,0
184,2020-11-29 14:50:00,550298.94,4432493.99,850.74,1163.31,0
185,2020-11-29 22:51:00,550370.91,4432548.78,891.8,1966.31,0
186,2020-12-01 02:43:00,550301.32,4432496.83,859.55,951.22,0
187,2020-12-01 05:36:00,550410.25,4432712.84,849.92,1169.55,0
188,2020-12-03 01:45:00,550429.98,4432630.98,857.38,15530.51,1
189,2020-12-04 03:11:00,550348.27,4432607.6,867.75,11551.67,0
190,2020-12-07 03:29:00,550340.63,4432627.95,890.88,3357.91,0
191,2020-12-07 11:07:00,550294.11,4432449.69,892.45,7040.63,0
192,2020-12-07 13:02:00,550405.8,4432757.54,853.44,5163.47,0
193,2020-12-08 05:10:00,550263.77,4432419.07,894.81,4260,0
194,2020-12-08 13:40:00,550276.09,4432483.02,892.15,4181.79,0
195,2020-12-11 08:22:00,550413.79,4432581.22,890.98,3769.15,0
196,2020-12-11 17:33:00,550197.69,4432758.16,873.5,2867.62,0
197,2020-12-12 07:16:00,550312.6,4432538.26,887.58,3464.7,0
198,2020-12-13 07:13:00,550291.79,4432452.7,872.11,6346.92,0
199,2020-12-14 11:34:00,550318.15,4432389.55,870.06,6479.37,0
200,2020-12-14 16:43:00,550394.62,4432730.29,888.37,2613.76,0
201,2020-12-15 14:15:00,550348.48,4432591.94,894.27,4320.72,0
202,2020-12-15 17:26:00,550344.04,4432708.03,890.42,5925.62,0
203,2020-12-17 12:23:00,550322.69,4432491.72,891.96,4738.1,0
204,2020-12-21 11:00:00,550226.15,4432446.7,871.3,12487.44,0
205,2020-12-21 17:42:00,550272.54,4432439.75,873.06,5315.03,0
206,2020-12-22 00:14:00,550254.39,4432632.85,886.24,5260.34,0
207,2020-12-22 17:34:00,550333.63,4432743.52,856.25,5173.44,0
208,2020-12-23 01:38:00,550287.75,4432690.08,897.7,5852.93,0
209,2020-12-23 01:46:00,550196.21,4432713.91,883.47,8757.32,0
210,2020-12-23 06:12:00,550204.18,4432535,875.89,11990.32,0
211,2020-12-23 13:14:00,550241.01,4432675.7,883.76,5167.08,0
212,2020-12-23 13:46:00,550223.29,4432626.81,883.42,6024.64,0
213,2020-12-23 18:03:00,550210.15,4432618.13,870.71,3636.8,0
214,2020-12-23 19:46:00,550238.38,4432592.26,883.5,4132.04,0
215,2020-12-24 00:13:00,550241.77,4432668.57,885,1973.75,0
216,2020-12-24 02:17:00,550249.64,4432513.06,851.46,2703.39,0
217,2020-12-24 04:37:00,550226.45,4432611.38,894.66,2297.36,0
218,2020-12-24 10:49:00,550226.9,4432710.8,882.47,2326.29,0
219,2020-12-24 11:06:00,550266.48,4432661.42,857.69,2004.52,0
220,2020-12-24 15:59:00,550275.12,4432723.61,851.67,1332.35,0
221,2020-12-24 23:57:00,550262.37,4432676.8,869.33,2231.2,0
222,2020-12-25 01:52:00,550252.57,4432751.84,871.85,5020.02,0
223,2020-12-25 06:29:00,550260.45,4432666.47,857.68,9845.71,0
224,2020-12-25 10:38:00,550233.42,4432710.55,869.82,3967.73,0
225,2020-12-25 14:04:00,550383.99,4432682.19,884.53,4967.57,0
226,2020-12-26 01:22:00,550307.38,4432516.78,861.68,3626.01,0
227,2020-12-26 02:18:00,550285.18,4432606.06,891.93,4735.06,0
228,2020-12-26 05:31:00,550273.85,4432634.7,896.32,4079.34,0
229,2020-12-26 08:13:00,550285.68,4432552.34,878.48,9052.92,0
230,2020-12-26 10:31:00,550275.95,4432646.37,896.16,4105.62,0
231,2020-12-26 15:18:00,550219.69,4432724.44,880.86,4725.81,0
232,2020-12-26 16:22:00,550265.56,4432690.67,869.38,5487.06,0
233,2020-12-27 00:21:00,550240.81,4432547.54,860.11,9601.73,0
234,2020-12-27 02:17:00,550210.51,4432692.58,864.07,8483.74,0
235,2020-12-27 02:46:00,550262.46,4432701.62,852.25,18961.91,1
236,2020-12-27 06:30:00,550276.7,4432598.67,874.53,10451.09,0
237,2020-12-27 07:02:00,550224.93,4432668.1,874.49,5521.95,0
238,2020-12-27 07:06:00,550251.79,4432647.86,865.55,11170,0
239,2020-12-27 07:16:00,550233.95,4432691.46,854.38,5882.35,0
240,2020-12-27 10:50:00,550312.16,4432635.34,852.43,8437.1,0
241,2020-12-27 11:53:00,550236.86,4432662.49,868.87,10667.71,0
242,2020-12-27 14:07:00,550246.67,4432695.43,860.47,12657.12,0
243,2020-12-27 15:22:00,550264.77,4432578.63,851.01,5513.84,0
244,2020-12-27 16:30:00,550308.59,4432566.67,871.69,5825.33,0
245,2020-12-27 23:58:00,550245.03,4432449.68,869.97,20100.79,1
246,2020-12-28 01:36:00,550259.03,4432644.16,850,9818.12,0
247,2020-12-28 01:47:00,550227.15,4432681.97,865.2,16529.05,1
248,2020-12-28 03:07:00,550241.76,4432683.71,858.52,9685.63,0
249,2020-12-28 05:29:00,550244.35,4432668.06,860.27,11224,0
250,2020-12-28 06:56:00,550270.4,4432580.62,867.58,7471.66,0
251,2020-12-28 10:12:00,550258.18,4432683.17,869.27,6551.4,0
252,2020-12-28 10:30:00,550270.06,4432664.82,886.65,11669.87,0
253,2020-12-28 16:01:00,550223.58,4432521.03,887.26,7273.84,0
254,2020-12-28 16:16:00,550238.61,4432536.23,879.55,6029.56,0
255,2020-12-28 16:37:00,550236.15,4432617.04,876.5,8630.73,0
256,2020-12-29 02:21:00,550245.33,4432635.19,885.84,13677.44,1
257,2020-12-29 03:23:00,550210.28,4432461,873.15,12784.76,0
258,2020-12-29 13:44:00,550268.71,4432625.29,895.09,6814.51,0
259,2020-12-29 15:30:00,550282.39,4432705.8,874.62,4663.97,0
260,2020-12-29 21:15:00,550211.2,4432739.92,852.19,8621.94,0
261,2020-12-30 01:26:00,550210.91,4432381.12,863.85,7945.76,0
262,2020-12-30 01:39:00,550275.76,4432634.52,887.49,16359.77,1
263,2020-12-30 13:27:00,550230.48,4432662.35,857.89,5340.55,0
264,2020-12-30 18:07:00,550197.92,4432784.56,875.48,4976.85,0
265,2020-12-31 00:39:00,550256.57,4432724.97,861.35,10969.42,0
266,2020-12-31 01:02:00,550267.18,4432674.9,871.72,955.2,0
267,2020-12-31 02:46:00,550140.27,4432535.14,884.11,1005.01,0
268,2021-01-01 13:07:00,550229.1,4432665.99,871.18,4306.04,0
269,2021-01-01 15:49:00,550187.75,4432450.95,896.72,2828.54,0
270,2021-01-02 00:56:00,550209.92,4432749.76,852.9,1689.42,0
271,2021-01-02 01:40:00,550107.74,4432814.77,868.23,2061.36,0
272,2021-01-02 05:42:00,550260.28,4432664.45,889.76,2391.13,0
273,2021-01-02 11:50:00,550139.18,4432463.82,896.61,3487.54,0
274,2021-01-03 03:15:00,550158.81,4432760.42,897.47,5188.3,0
275,2021-01-03 08:10:00,550395.8,4432726.56,885.33,1684.71,0
276,2021-01-03 10:52:00,550450.13,4432685.02,869.91,3780.28,0
277,2021-01-04 00:33:00,550194.84,4432460.37,852.57,4101.8,0
278,2021-01-04 08:18:00,550106.21,4432489.51,896.54,4037.87,0
279,2021-01-04 14:53:00,550164.51,4432514.01,892.49,2906.1,0
280,2021-01-05 04:49:00,550235.47,4432565.34,863.76,4168.64,0
281,2021-01-05 06:12:00,550287.7,4432428.91,854.55,3822.96,0
282,2021-01-05 10:26:00,550296.78,4432554.56,874.84,15575.62,1
283,2021-01-05 12:59:00,550247.33,4432545.05,896.74,4901.62,0
284,2021-01-05 16:04:00,550298.94,4432751.78,857.79,4058.7,0
285,2021-01-05 22:31:00,550144.88,4432501.78,874.4,4744.4,0
286,2021-01-06 01:41:00,550221.29,4432579.29,855.45,12140.02,0
287,2021-01-06 04:00:00,550249.28,4432470.67,898.1,13975.98,1
288,2021-01-06 08:01:00,550331.29,4432685.7,879.09,12319.82,0
289,2021-01-07 02:40:00,550257.79,4432745.22,884.51,5442.42,0
290,2021-01-07 03:53:00,550223.47,4432579.63,885.04,6191.15,0
291,2021-01-07 05:02:00,550183.93,4432502.71,896.14,8351.46,0
292,2021-01-07 06:10:00,550280.45,4432585.91,856.29,10527.91,0
293,2021-01-07 13:07:00,550206.61,4432513.2,869.6,7186.66,0
294,2021-01-07 15:24:00,550212.98,4432528.77,871.59,5452.3,0
295,2021-01-07 16:53:00,550181.7,4432480.46,890.78,7873.15,0
296,2021-01-07 23:29:00,550197.56,4432554.8,877.49,5106.19,0
297,2021-01-08 00:28:00,550215.27,4432559.8,856.35,3720.29,0
298,2021-01-08 00:47:00,550229.98,4432547.5,874.42,3281.48,0
299,2021-01-08 02:14:00,550161.42,4432530.9,882.87,4436.7,0
300,2021-01-08 03:24:00,550245.44,4432698.78,860.66,4982.32,0
301,2021-01-08 03:50:00,550211.52,4432723.05,869.43,10540.73,0
302,2021-01-08 04:31:00,550239.14,4432591.5,868.69,4374.21,0
303,2021-01-08 06:44:00,550224.57,4432608.27,854.37,8801.5,0
304,2021-01-09 09:49:00,550245.03,4432612.44,883.26,2535.25,0
305,2021-01-09 11:05:00,550209.99,4432552.53,891.55,4562.41,0
306,2021-01-09 12:08:00,550189.68,4432478.88,853.85,3815.51,0
307,2021-01-09 13:21:00,550176.08,4432516.16,880.28,1625.76,0
308,2021-01-09 13:45:00,550177.23,4432501.37,873.82,8032.42,0
309,2021-01-09 22:21:00,550185.34,4432534.4,898.05,1010.54,0
310,2021-01-09 23:47:00,550248.12,4432641.23,854.29,1802.15,0
311,2021-01-10 04:07:00,550254.26,4432696.95,853.39,5045.68,0
312,2021-01-10 04:13:00,550172.7,4432499.2,876.61,5362.62,0
313,2021-01-10 05:20:00,550160.05,4432489.86,855.38,6124.54,0
314,2021-01-10 06:03:00,550221.95,4432548.12,897.12,8439.48,0
315,2021-01-10 08:47:00,550148.32,4432523.75,869.36,10347.86,0
316,2021-01-10 11:10:00,550259.08,4432600.8,866.59,3442.7,0
317,2021-01-10 11:16:00,550246.49,4432677.39,876.97,7120.17,0
318,2021-01-10 15:09:00,550160.65,4432508.73,876.48,4992.59,0
319,2021-01-10 19:58:00,550197.75,4432506.21,873.48,5560.26,0
320,2021-01-10 20:10:00,550240.35,4432667.01,895.54,17679.2,1
321,2021-01-11 00:17:00,550133.04,4432502.92,880.45,5001.56,0
322,2021-01-11 02:26:00,550194.4,4432562.13,872.25,2909.82,0
323,2021-01-11 03:12:00,550209.92,4432522.8,869.87,1544.7,0
324,2021-01-11 05:59:00,550245.2,4432652.79,888.85,3695.9,0
325,2021-01-11 08:24:00,550215.66,4432572.17,885.11,4330.06,0
326,2021-01-11 12:46:00,550184.86,4432521.46,862.51,2181.14,0
327,2021-01-11 14:55:00,550191.37,4432540.52,874.59,8655.56,0
328,2021-01-11 16:32:00,550189.61,4432786.64,885.71,1448.92,0
329,2021-01-12 01:10:00,550229.31,4432625.06,871.88,6844.41,0
330,2021-01-12 01:47:00,550242.12,4432596.77,884.07,13567.55,1
331,2021-01-12 05:00:00,550199.03,4432533.21,857.29,3792.92,0
332,2021-01-12 13:45:00,550152.78,4432476.93,885.05,21205.02,1
333,2021-01-12 16:22:00,550171.93,4432511.17,895.68,21206.63,1
334,2021-01-12 16:26:00,550148.12,4432522.07,875,4565.44,0
335,2021-01-12 21:45:00,550240,4432627.95,893.83,3527.28,0
336,2021-01-13 01:47:00,550248.69,4432698.18,897.31,18023.4,1
337,2021-01-13 02:02:00,550179.33,4432517.64,862.89,17848.81,1
338,2021-01-13 02:19:00,550135.41,4432557.74,898.06,9938.83,0
339,2021-01-13 04:50:00,550189.4,4432562.39,869.27,7433.92,0
340,2021-01-13 04:52:00,550188.61,4432643.16,887.31,19395.75,1
341,2021-01-13 06:44:00,550188.61,4432555.02,889.2,6236.4,0
342,2021-01-13 07:05:00,550199.18,4432587.79,873.9,4419.35,0
343,2021-01-13 08:34:00,550252.27,4432683.7,864.92,22555.15,1
344,2021-01-13 14:59:00,550148.61,4432572.47,888.97,6260.85,0
345,2021-01-13 15:12:00,550241.75,4432695.11,869.26,12829.93,0
346,2021-01-13 17:44:00,550237.21,4432728.17,877.65,4737.81,0
347,2021-01-13 18:45:00,550214.45,4432501.7,852.1,4734.37,0
348,2021-01-13 23:08:00,550200.13,4432488.83,851.17,8759.81,0
349,2021-01-14 00:19:00,550205.29,4432698.19,851.18,13581.27,1
350,2021-01-14 01:09:00,550269.95,4432738.68,871.85,3909.88,0
351,2021-01-14 03:15:00,550167.48,4432490.01,862.52,8378.5,0
352,2021-01-14 04:25:00,550158.55,4432496.79,876.89,11324.64,0
353,2021-01-14 06:33:00,550255.21,4432686.71,863.39,3836.34,0
354,2021-01-14 06:48:00,550244.28,4432587.55,874.72,5772.88,0
355,2021-01-14 11:53:00,550181.17,4432540.12,879.82,3629.83,0
356,2021-01-14 13:08:00,550242.16,4432692.51,872.54,18870.74,1
357,2021-01-14 15:49:00,550255.23,4432746.36,857.94,7271.64,0
358,2021-01-14 18:02:00,550175.64,4432557.12,877.69,5090.33,0
359,2021-01-14 21:05:00,550229.28,4432684.99,854.8,6156.38,0
360,2021-01-15 00:37:00,550242.68,4432692.99,881.75,17789.27,1
361,2021-01-15 02:42:00,550165.54,4432499.47,873.04,9643.07,0
362,2021-01-15 09:29:00,550193.79,4432533.36,872.98,8359.26,0
363,2021-01-15 11:16:00,550212.67,4432615.37,883.47,4119.88,0
364,2021-01-15 11:22:00,550220.83,4432699.13,853.77,6693.72,0
365,2021-01-15 12:23:00,550210.02,4432540.33,866.02,3057.32,0
366,2021-01-15 13:45:00,550196.92,4432576.78,881.69,4249.96,0
367,2021-01-15 15:16:00,550124.59,4432498.17,871.71,5679.06,0
368,2021-01-15 16:38:00,550226.14,4432698.88,862.78,4842.65,0
369,2021-01-15 18:42:00,550150.36,4432509.38,860.63,9885.75,0
370,2021-01-15 22:39:00,550217.08,4432631.1,874.22,7689.09,0
371,2021-01-16 00:44:00,550117.02,4432480.28,863.74,6053.69,0
372,2021-01-16 02:54:00,550163.82,4432531.57,854.34,3474,0
373,2021-01-16 04:09:00,550220.12,4432645.14,887.06,5264.3,0
374,2021-01-16 05:43:00,550216.52,4432567.09,860.46,6009.4,0
375,2021-01-16 07:33:00,550154.52,4432519.59,876.87,7839.93,0
376,2021-01-16 10:04:00,550320.8,4432712.07,855.17,3307.05,0
377,2021-01-16 11:24:00,550156.34,4432487.64,872.67,16187.22,1
378,2021-01-16 13:33:00,550154.62,4432529.62,884.68,4497.38,0
379,2021-01-16 13:36:00,550127.52,4432520.2,869.55,5777.63,0
380,2021-01-16 15:45:00,550230.38,4432712.6,862.6,6207.17,0
381,2021-01-16 18:48:00,550127.84,4432510.67,861,20462.29,1
382,2021-01-17 01:02:00,550226.5,4432717.39,870.52,10973.22,0
383,2021-01-17 06:56:00,550170.18,4432503.65,885.7,7128.11,0
384,2021-01-17 10:01:00,550196.99,4432569.12,887.11,4896.86,0
385,2021-01-17 10:31:00,550244.72,4432694.74,892.83,30726.51,1
386,2021-01-17 11:35:00,550173.04,4432498.62,853.28,27850.44,1
387,2021-01-17 12:45:00,550126.56,4432519.58,879.35,6761.66,0
388,2021-01-17 13:23:00,550127.14,4432501.9,883.35,9623.39,0
389,2021-01-17 13:24:00,550210.47,4432596.74,897.24,8129.65,0
390,2021-01-17 13:54:00,550264.2,4432717.21,862.68,5500.33,0
391,2021-01-17 14:33:00,550105.27,4432745.45,874.25,5492.42,0
392,2021-01-17 18:24:00,550190.12,4432584.07,895.4,7354.28,0
393,2021-01-17 19:41:00,550129.99,4432499.02,858.37,5159.83,0
394,2021-01-17 20:26:00,550130.39,4432505.3,867.91,5288.47,0
395,2021-01-17 22:19:00,550150.62,4432520.2,869.27,27674.47,1
396,2021-01-18 01:06:00,550258.4,4432678.83,853.84,16329.79,1
397,2021-01-18 04:34:00,550150.51,4432498.73,855.1,27502.96,1
398,2021-01-18 04:35:00,550084.77,4432485.78,887.18,23057.33,1
399,2021-01-18 06:00:00,550170.12,4432634.9,889.81,14854.32,1
400,2021-01-18 08:57:00,550226.96,4432699.09,882.51,21498.55,1
401,2021-01-18 14:16:00,550188.39,4432599.14,888.88,14552.47,1
402,2021-01-18 14:35:00,550256.42,4432706.28,876.94,20016.15,1
403,2021-01-18 15:08:00,550216.49,4432691.61,888.07,13912.03,1
404,2021-01-18 15:43:00,550193.28,4432581,878.87,7468,0
405,2021-01-18 15:53:00,550237.21,4432689.06,896.59,9223.9,0
406,2021-01-18 15:59:00,550148.86,4432500.36,858.1,11656.14,0
407,2021-01-18 23:32:00,550215.68,4432688.97,890.12,8066.27,0
408,2021-01-18 23:33:00,550257.34,4432605.61,858.14,8122.73,0
409,2021-01-18 23:50:00,550220.7,4432627.59,895.21,11046.42,0
410,2021-01-19 02:10:00,550157.63,4432516.19,892.23,8003.03,0
411,2021-01-19 04:55:00,550139.09,4432482.44,877.44,5230.94,0
412,2021-01-19 05:38:00,550186.1,4432611.52,895.67,9816.83,0
413,2021-01-19 05:41:00,550247.49,4432713.03,865.25,10362.28,0
414,2021-01-19 12:01:00,550247.24,4432699.92,869.39,17988.32,1
415,2021-01-19 12:40:00,550268.95,4432754.64,868.2,16304.35,1
416,2021-01-19 13:15:00,550242.42,4432640.17,885.71,6121.53,0
417,2021-01-19 15:15:00,550233.55,4432744.95,862.38,7516.67,0
418,2021-01-19 18:34:00,550132.97,4432473.88,852.03,14265.5,1
419,2021-01-19 23:49:00,550125.3,4432489.05,862.6,11807.28,0
420,2021-01-20 00:33:00,550227.48,4432672.78,879.92,11370.44,0
421,2021-01-20 03:09:00,550150.77,4432533.29,875.39,5987.39,0
422,2021-01-20 03:35:00,550130.88,4432504.85,858.02,15260.87,1
423,2021-01-20 04:25:00,550208.61,4432570.89,878.83,5841.97,0
424,2021-01-20 05:30:00,550275.74,4432762.77,867.57,5588.55,0
425,2021-01-20 10:27:00,550214,4432726.88,857.96,8087.83,0
426,2021-01-20 14:46:00,550084.32,4432487.8,887.79,10245.38,0
427,2021-01-20 15:13:00,550230.28,4432708.56,857.3,6659.46,0
428,2021-01-20 15:14:00,550236.23,4432725.69,889.43,11359.55,0
429,2021-01-20 15:34:00,550153.91,4432569.03,876.15,7634.85,0
430,2021-01-20 19:03:00,550164.98,4432648.45,851.94,8160.13,0
431,2021-01-21 04:34:00,550157.25,4432682.99,866.73,9005.69,0
432,2021-01-21 06:02:00,550161.52,4432574.35,879.7,2326.55,0
433,2021-01-21 07:50:00,550182.36,4432615.12,853.35,2833.39,0
434,2021-01-21 07:54:00,550178.21,4432712.34,872.66,6223.5,0
435,2021-01-21 13:18:00,550159.79,4432662.8,877.07,2299.68,0
436,2021-01-21 16:42:00,550196.59,4432647.71,853,2281.82,0
437,2021-01-22 10:12:00,550163.76,4432517.14,861.15,5873.66,0
438,2021-01-22 11:05:00,550133.71,4432527.41,885.36,1419.59,0
439,2021-01-22 12:05:00,550239.24,4432617.42,893.4,2706.82,0
440,2021-01-22 12:16:00,550141.24,4432645.18,883.3,1714.29,0
441,2021-01-22 12:25:00,550197.51,4432585.71,862.3,1671.98,0
442,2021-01-22 14:02:00,550135.92,4432506.77,853.01,7830.44,0
443,2021-01-22 18:19:00,550171.44,4432665.27,884.74,2036.88,0
444,2021-01-22 23:31:00,550155.39,4432524.24,852.11,5388.51,0
445,2021-01-23 00:42:00,550197.46,4432686.43,865.09,6601.64,0
446,2021-01-23 01:27:00,550109.97,4432765.08,895.48,1311.33,0
447,2021-01-23 02:12:00,550147.61,4432618.11,869.51,1721.92,0
448,2021-01-23 05:08:00,550123.02,4432486.85,886,1639.15,0
449,2021-01-23 05:22:00,550156.04,4432667.63,891.89,2230.81,0
450,2021-01-23 06:11:00,550024.51,4432793.71,882.88,1205.69,0
451,2021-01-23 07:07:00,550184.11,4432486.66,866.62,2457.54,0
452,2021-01-23 14:36:00,550187.1,4432591.2,874.77,10317.57,0
453,2021-01-23 18:41:00,550129.35,4432599.52,873.26,1527.66,0
454,2021-01-23 19:58:00,550152.83,4432701.27,859.9,2466.15,0
455,2021-01-24 06:20:00,550154.79,4432694.47,860.44,3746.55,0
456,2021-01-24 08:37:00,550130.95,4432588,863.47,4703.8,0
457,2021-01-24 12:31:00,550199.61,4432645.13,850.03,11213.04,0
458,2021-01-24 13:27:00,550233.9,4432638.2,868.15,19392.64,1
459,2021-01-24 13:32:00,550163.71,4432694.03,854.99,15374.43,1
460,2021-01-24 14:29:00,550162.77,4432694.34,877.04,5181.23,0
461,2021-01-24 17:23:00,550184.89,4432686.48,883.48,6720.33,0
462,2021-01-24 23:12:00,550141.38,4432641.67,854.56,5490.71,0
463,2021-01-24 23:28:00,550143.33,4432633.38,853.88,4956.14,0
464,2021-01-24 23:51:00,550122.21,4432560.18,863.76,3636.02,0
465,2021-01-25 00:10:00,550114.41,4432537.72,851.67,4913.94,0
466,2021-01-25 00:58:00,550104.44,4432566.94,852.9,3225.07,0
467,2021-01-25 01:39:00,550117.19,4432612.95,857.39,4672.62,0
468,2021-01-25 02:15:00,550176.88,4432672.97,889.99,8211,0
469,2021-01-25 02:32:00,550191.5,4432719,856.2,1275.36,0
470,2021-01-25 04:14:00,550123.26,4432587.56,865.9,3685.64,0
471,2021-01-25 04:53:00,550107.21,4432529.32,879.56,1576.38,0
472,2021-01-25 06:07:00,550203.68,4432624.45,877.25,6841.83,0
473,2021-01-25 06:08:00,550143.13,4432669.21,882.36,1357.44,0
474,2021-01-25 09:13:00,550131.8,4432600.28,862.72,3202.53,0
475,2021-01-25 12:11:00,550076.54,4432557.89,861.58,1146.81,0
476,2021-01-26 10:59:00,550096.8,4432567.74,872.57,2857.28,0
477,2021-01-26 12:22:00,550130.05,4432679.06,867.49,9846.78,0
478,2021-01-26 12:59:00,550111.82,4432565.2,877.42,10277.22,0
479,2021-01-26 13:05:00,550161.75,4432651.44,872.35,2438.21,0
480,2021-01-26 13:19:00,550157.7,4432723.46,870.14,3787.16,0
481,2021-01-26 13:59:00,550178.2,4432611.92,851.05,29348.47,1
482,2021-01-26 16:02:00,550140.06,4432600.05,850.59,2418.57,0
483,2021-01-26 20:01:00,550089.76,4432554.74,859.92,4327.02,0
484,2021-01-27 03:46:00,550137.04,4432600.01,871.88,10171.79,0
485,2021-01-27 06:26:00,550146.36,4432645.67,883.98,12516.74,0
486,2021-01-27 08:11:00,550155.22,4432708.34,870.36,7812.21,0
487,2021-01-27 10:04:00,550123.07,4432620.43,856.42,14317.59,1
488,2021-01-27 12:16:00,550138.59,4432606.84,869.97,7701.52,0
489,2021-01-27 12:24:00,550139.51,4432670.85,859.62,8021.02,0
490,2021-01-27 12:43:00,550155.92,4432590.39,871.83,8027.61,0
491,2021-01-27 15:09:00,550167.07,4432654.05,863.26,9332.12,0
492,2021-01-27 15:23:00,550178.45,4432694.08,864.16,9026.63,0
493,2021-01-27 17:20:00,550239.61,4432734.28,873.55,11466.6,0
494,2021-01-27 18:52:00,550091.56,4432566.96,867.24,16374.16,1
495,2021-01-28 01:21:00,550174.3,4432718.34,857.22,7870.85,0
496,2021-01-28 01:25:00,550140.42,4432615.94,863.64,6819.91,0
497,2021-01-28 01:44:00,550099.58,4432596.97,894.92,7673.1,0
498,2021-01-28 08:07:00,550141.33,4432707.53,873.49,13417.39,1
499,2021-01-28 08:12:00,550168.42,4432690.25,877.72,17658.28,1
500,2021-01-28 10:40:00,550227.65,4432630.99,898.39,27657.51,1
501,2021-01-28 13:12:00,550127.05,4432535.8,863.48,15648.86,1
502,2021-01-28 13:55:00,550007.1,4432527.05,896.72,8832.71,0
503,2021-01-28 14:39:00,550126.64,4432597.31,857.05,6240.41,0
504,2021-01-28 15:41:00,550161.85,4432721.21,883.72,20066.84,1
505,2021-01-29 01:50:00,550070.2,4432567.22,883.79,7384.25,0
506,2021-01-29 03:14:00,550136.11,4432670.4,885.05,16165.69,1
507,2021-01-29 03:47:00,550095.08,4432590.83,895.96,7278.22,0
508,2021-01-29 03:49:00,550128.11,4432593.38,897.12,8534.35,0
509,2021-01-29 08:01:00,550103.77,4432567.7,859.51,5796.15,0
510,2021-01-29 08:07:00,550105.1,4432573.85,883.15,5753.07,0
511,2021-01-29 23:27:00,550072.06,4432841.81,854.15,11990.52,0
512,2021-01-30 00:16:00,550143.31,4432697.93,856.23,7576.08,0
513,2021-01-30 02:04:00,550206.54,4432569.7,874.38,27109.04,1
514,2021-01-30 11:04:00,550131.08,4432676,888.16,11829.82,0
515,2021-01-30 11:58:00,550096.94,4432533.24,879.14,14341.81,1
516,2021-01-30 13:31:00,550180.01,4432668.93,889.22,12070.92,0
517,2021-01-30 13:37:00,550132.97,4432703.66,891.59,9909.33,0
518,2021-01-30 14:01:00,550153.54,4432663.3,857.65,7592.22,0
519,2021-01-30 14:25:00,550158.89,4432738.78,873.29,5427.97,0
520,2021-01-30 14:35:00,550165.36,4432709.92,852.03,38403.45,1
521,2021-01-30 16:30:00,550157.39,4432720.18,874.06,10845.35,0
522,2021-01-30 17:18:00,550290.18,4432690.24,871.49,10944.99,0
523,2021-01-30 17:49:00,550160.09,4432670.14,852.73,6786.02,0
524,2021-01-30 18:09:00,550133.39,4432724.11,882.15,11329.27,0
525,2021-01-30 18:19:00,550158.04,4432725.23,893.49,16794.89,1
526,2021-01-30 23:37:00,550081.54,4432553,880.58,7509.99,0
527,2021-01-30 23:57:00,550097.7,4432586.81,890.47,6300.68,0
528,2021-01-31 00:02:00,550100.89,4432537.06,859.14,20603.46,1
529,2021-01-31 00:10:00,550104.96,4432563.38,892.28,6987.16,0
530,2021-01-31 02:23:00,550146,4432722.75,866.85,5936.43,0
531,2021-01-31 04:49:00,550150,4432650.17,856.1,5115.3,0
532,2021-01-31 06:36:00,550161.98,4432689.12,858.27,5149.25,0
533,2021-01-31 08:21:00,550130.94,4432676.48,879.21,8322.95,0
534,2021-01-31 22:08:00,550146.48,4432529.29,883.12,6979.31,0
535,2021-01-31 22:56:00,550130.56,4432628.93,874.64,4777.54,0
536,2021-01-31 22:59:00,550155.5,4432748.91,886.65,7052.35,0
537,2021-02-01 01:14:00,550128.57,4432519.65,852.56,14765.62,1
538,2021-02-01 02:18:00,550130.64,4432651.54,889.37,4236.4,0
539,2021-02-01 03:34:00,550168.36,4432702.28,864.94,11832.77,0
540,2021-02-01 06:19:00,550120.47,4432629.72,881.33,4443.8,0
541,2021-02-01 08:57:00,550077.35,4432539.99,872.74,17005.26,1
542,2021-02-01 11:12:00,550137.95,4432681.15,861.9,6017.7,0
543,2021-02-01 23:39:00,550130.15,4432543.22,863.92,4310.92,0
544,2021-02-02 01:25:00,550134.22,4432705.57,852.83,12150.65,0
545,2021-02-02 06:18:00,550133.77,4432656.6,882.87,10859.46,0
546,2021-02-02 11:54:00,550141.15,4432689.79,864.7,7963.19,0
547,2021-02-02 14:29:00,550099.79,4432568.41,893.8,7987.84,0
548,2021-02-02 14:50:00,550140.73,4432647.68,892.49,9242.5,0
549,2021-02-02 18:15:00,550166.08,4432608.96,883.94,9440.04,0
550,2021-02-02 19:16:00,550131.51,4432617.61,894.37,7920.45,0
551,2021-02-02 23:56:00,550098.48,4432798,893.4,16257,1
552,2021-02-03 01:06:00,550144.13,4432598.41,850.23,3269.96,0
553,2021-02-03 01:07:00,550182.08,4432681.21,890.64,6775.44,0
554,2021-02-03 01:30:00,550147.68,4432651.14,856.45,4845.73,0
555,2021-02-03 01:36:00,550146.55,4432644.69,857.43,15884.79,1
556,2021-02-03 04:23:00,550162.2,4432632.2,880.15,4182.4,0
557,2021-02-03 05:59:00,550189.52,4432720.27,874.47,32878.72,1
558,2021-02-03 08:22:00,550127.74,4432597.55,860.84,3038.66,0
559,2021-02-03 21:18:00,550130.81,4432636.93,877.99,3243.8,0
560,2021-02-04 00:59:00,550160.2,4432769.34,876.04,4585.6,0
561,2021-02-04 10:07:00,550106.07,4432573.95,862.3,5190.07,0
562,2021-02-04 16:03:00,550112.22,4432546.88,850.89,5084.32,0
563,2021-02-04 21:47:00,550121.8,4432640.9,878.88,2451.89,0
564,2021-02-04 22:04:00,550110.13,4432550.64,850.55,4109.63,0
565,2021-02-04 22:43:00,550156.65,4432703.34,882.58,4191.63,0
566,2021-02-04 22:46:00,550168.95,4432661.34,859.04,2573.52,0
567,2021-02-05 00:40:00,550163.18,4432704.44,868.01,5168.8,0
568,2021-02-05 02:25:00,550154.48,4432705.28,850.81,32933.61,1
569,2021-02-05 03:00:00,550083.54,4432670.25,893.79,5340.53,0
570,2021-02-05 04:10:00,550183.24,4432661.77,875.92,6003.55,0
571,2021-02-05 04:35:00,550137.2,4432576.38,860.83,9677.88,0
572,2021-02-05 04:49:00,550108.22,4432547.25,863.08,5635.97,0
573,2021-02-05 05:26:00,550114.75,4432613.28,885.89,8861.42,0
574,2021-02-05 07:17:00,550126.77,4432632.3,887.1,7551.57,0
575,2021-02-05 10:49:00,550112.69,4432572.7,859.78,6605.16,0
576,2021-02-05 13:00:00,550083.97,4432551,881.04,11259.25,0
577,2021-02-05 15:03:00,550070.28,4432696.61,888.78,10885.5,0
578,2021-02-05 15:09:00,550146.24,4432564.35,855.14,16739.75,1
579,2021-02-05 17:55:00,550115.79,4432561.22,887.95,28915.68,1
580,2021-02-05 19:04:00,550139.07,4432614.35,858.53,8884.28,0
581,2021-02-06 00:18:00,550116.79,4432621.29,893.78,7669.16,0
582,2021-02-06 03:02:00,550153.05,4432611.41,884.43,10477.64,0
583,2021-02-06 06:52:00,550125,4432586.48,882.29,11171.87,0
584,2021-02-06 10:31:00,550115.65,4432532.39,868.9,21105.08,1
585,2021-02-06 11:13:00,550088.81,4432599.11,876.52,10138.07,0
586,2021-02-06 12:01:00,550099.72,4432535.63,878.79,11558.9,0
587,2021-02-06 12:05:00,550159.06,4432695.12,856.96,8755.22,0
588,2021-02-06 14:39:00,550075.1,4432525.91,864.73,12351.02,0
589,2021-02-06 18:41:00,550078.78,4432552.48,891.39,12909.53,0
590,2021-02-07 07:39:00,550088.09,4432557.9,850.13,5826.44,0
591,2021-02-07 08:26:00,550150.6,4432670.01,877.89,4101.43,0
592,2021-02-07 12:10:00,550085.9,4432534.13,860.82,8630.96,0
593,2021-02-07 12:46:00,550129.57,4432577.02,887.7,3917.27,0
594,2021-02-07 12:52:00,550118.05,4432597.83,891.87,18555.98,1
595,2021-02-07 13:28:00,550167.01,4432658.59,854.17,4776.02,0
596,2021-02-07 13:33:00,550169.17,4432635.47,876.75,5633.3,0
597,2021-02-07 13:34:00,550087.54,4432727.3,896.62,9184.45,0
598,2021-02-07 13:55:00,550158.96,4432699.61,871.76,4465.34,0
599,2021-02-07 14:08:00,550131.76,4432627.89,867.63,7301.77,0
600,2021-02-07 16:21:00,549999.02,4432588.4,889.86,14626.79,1
601,2021-02-07 17:46:00,550095.43,4432525.72,876.72,6283.54,0
602,2021-02-07 18:28:00,550112.78,4432521.88,883.76,9095.96,0
603,2021-02-07 23:46:00,550123.58,4432627.63,894.45,3620.08,0
604,2021-02-08 08:02:00,550100.75,4432536.92,885.93,12634.98,0
605,2021-02-08 12:24:00,550114.47,4432526.67,875.48,5418.6,0
606,2021-02-08 13:35:00,550125.3,4432637.66,865.39,6998.3,0
607,2021-02-08 13:54:00,550134.18,4432614.94,897.77,5375.23,0
608,2021-02-08 13:58:00,550111,4432527.67,870.53,9490.85,0
609,2021-02-08 14:24:00,550157.54,4432728.17,862.62,5879.34,0
610,2021-02-08 14:49:00,550112.51,4432602.83,872.76,9245.61,0
611,2021-02-09 01:07:00,550090.88,4432541.49,883.23,13519.24,1
612,2021-02-09 02:00:00,550052.24,4432571.71,877.84,6826.68,0
613,2021-02-09 05:33:00,550157.34,4432739.26,856.47,19856.2,1
614,2021-02-09 14:32:00,550109.95,4432569.5,888.86,8960.69,0
615,2021-02-09 15:55:00,550070.4,4432547.28,868.6,6380.46,0
616,2021-02-09 16:27:00,550155.1,4432706.72,850.97,11147.77,0
617,2021-02-09 16:34:00,550149.76,4432671.65,869.84,7300.39,0
618,2021-02-09 19:27:00,550134.74,4432683.75,888.71,11208.69,0
619,2021-02-09 23:49:00,550080.76,4432536.57,859.38,10920.03,0
620,2021-02-10 00:12:00,550117.66,4432589.22,887.84,10775.91,0
621,2021-02-10 02:29:00,550133.64,4432660.2,867.84,11038.06,0
622,2021-02-10 05:16:00,550154.62,4432674.95,856.96,19115.13,1
623,2021-02-10 09:58:00,550141.74,4432636.62,860.24,8319.78,0
624,2021-02-10 18:44:00,550102.56,4432536.6,867.34,17136.84,1
625,2021-02-10 23:26:00,550094.58,4432538.98,883.58,18668.96,1
626,2021-02-10 23:28:00,550095.63,4432540.74,849.87,19002.68,1
627,2021-02-11 01:34:00,550074.96,4432579.31,888.29,10374.22,0
628,2021-02-11 03:39:00,550079.84,4432542.8,873.02,28616.01,1
629,2021-02-11 03:59:00,550082.25,4432553.82,894.42,23011.45,1
630,2021-02-11 05:36:00,550072.48,4432515.51,881.08,13088.99,1
631,2021-02-11 08:08:00,550111.66,4432604.18,889.03,8483.01,0
632,2021-02-11 12:14:00,550084.52,4432529.66,866.8,27989.51,1
633,2021-02-11 15:12:00,550104.99,4432513.6,859.19,36730.05,1
634,2021-02-11 16:09:00,550194.22,4432790.63,861.8,16743.76,1
635,2021-02-12 08:00:00,550086.79,4432484.85,874.08,10929.95,0
636,2021-02-12 10:39:00,550128.64,4432643.82,868.85,24613.2,1
637,2021-02-12 11:16:00,550154.6,4432743.6,879.27,10022,0
638,2021-02-12 15:06:00,550128.9,4432681.73,858.5,14505.52,1
639,2021-02-13 00:23:00,550111.45,4432649.02,894,34294.87,1
640,2021-02-13 00:43:00,550217.85,4432791.91,869.83,23289.16,1
641,2021-02-13 01:20:00,550126.01,4432673.19,897.89,15910.08,1
642,2021-02-13 03:01:00,550119.4,4432620.13,860.77,7133.76,0
643,2021-02-13 04:24:00,550110.89,4432578.69,883.03,7977.58,0
644,2021-02-13 05:44:00,550162.08,4432740.14,851.31,11320.48,0
645,2021-02-13 15:04:00,550149.22,4432664.31,852.04,35153.49,1
646,2021-02-13 17:31:00,550152.3,4432566.01,857.46,14193.67,1
647,2021-02-14 01:19:00,550104.95,4432668.47,896.49,9873.47,0
648,2021-02-14 01:35:00,550098.87,4432556.85,859.61,22174.36,1
649,2021-02-14 04:00:00,550141.07,4432709.87,875.22,18023.87,1
650,2021-02-14 04:00:00,550122.41,4432670.48,898.11,8248.74,0
651,2021-02-14 05:40:00,550126.54,4432601.07,856.12,8067.79,0
652,2021-02-14 06:49:00,550125.8,4432609.78,851.03,12066.29,0
653,2021-02-14 08:38:00,550132.62,4432658.22,897.54,15029.37,1
654,2021-02-14 11:34:00,550075.3,4432531.54,866.98,9483.23,0
655,2021-02-14 12:10:00,550144.46,4432680.62,869.39,11572.68,0
656,2021-02-14 13:08:00,550075.41,4432534.86,882.81,11963.65,0
657,2021-02-14 13:33:00,550071.01,4432538.41,871.18,12281.17,0
658,2021-02-14 14:02:00,550043.67,4432518.32,856.55,8071.63,0
659,2021-02-14 14:15:00,550067.9,4432529.01,862.09,11596.31,0
660,2021-02-15 00:08:00,550102.01,4432741.11,851.93,5637.15,0
661,2021-02-15 03:35:00,550140.56,4432681.78,879.35,15227.76,1
662,2021-02-15 06:03:00,550130.32,4432706.47,863.74,8186.17,0
663,2021-02-15 11:44:00,550145.41,4432751.67,887.72,8044.71,0
664,2021-02-15 15:05:00,550035.72,4432725.85,888.77,7649.59,0
665,2021-02-15 16:51:00,550153.19,4432694.53,878.13,26274.43,1
666,2021-02-15 20:25:00,550157.88,4432669.91,890.34,13533.21,1
667,2021-02-16 03:39:00,550091.65,4432631.33,850.88,4963.74,0
668,2021-02-16 10:32:00,550115.16,4432686.36,883.66,17493.51,1
669,2021-02-16 12:03:00,550095.84,4432680.84,885.79,6507.56,0
670,2021-02-16 12:15:00,550144.08,4432701.83,872.61,15349.6,1
671,2021-02-16 12:27:00,550108.34,4432640.25,862.86,9082.45,0
672,2021-02-16 14:16:00,550072.59,4432672.18,871.65,11631.95,0
673,2021-02-17 06:49:00,550085.12,4432675.61,890.46,6364.67,0
674,2021-02-17 09:42:00,550101.91,4432652.87,888.8,5420.65,0
675,2021-02-17 10:08:00,550196.89,4432713.66,882.8,6641.22,0
676,2021-02-17 10:57:00,550094.44,4432732.1,872.61,5342.2,0
677,2021-02-17 12:15:00,550046.16,4432512.36,853.21,6684.59,0
678,2021-02-17 15:10:00,550137.43,4432758.61,874.26,15768.28,1
679,2021-02-17 19:46:00,550116.86,4432758.49,876.76,8584.98,0
680,2021-02-17 20:01:00,550140.47,4432732.2,865.57,8920.13,0
681,2021-02-18 00:20:00,550152.28,4432588.61,858.32,13330.54,1
682,2021-02-18 02:39:00,550151.48,4432727.79,861.51,6929.48,0
683,2021-02-18 03:41:00,550114.25,4432695.18,869.5,8111.22,0
684,2021-02-18 04:45:00,550160.28,4432753.62,878.69,10477.02,0
685,2021-02-18 13:44:00,550136.78,4432758.47,862.02,5403.88,0
686,2021-02-18 13:56:00,550080.72,4432535.53,869.9,7615.39,0
687,2021-02-18 18:43:00,550128.34,4432596.8,892.59,11741.04,0
688,2021-02-18 23:51:00,550132.67,4432769.25,878.59,21645.62,1
689,2021-02-19 01:58:00,550095.94,4432531.46,866.99,9313.08,0
690,2021-02-19 03:23:00,550073.61,4432523.3,853.63,8243.23,0
691,2021-02-19 06:21:00,550131.83,4432631.53,888.53,6282.85,0
692,2021-02-19 06:49:00,550153.5,4432626.81,875.4,8488.26,0
693,2021-02-19 07:34:00,550172.08,4432685.15,860.07,18384.82,1
694,2021-02-19 16:13:00,550053.5,4432744.81,897.65,7788.4,0
695,2021-02-19 18:48:00,550068.71,4432690.26,881.63,9132.38,0
696,2021-02-20 01:28:00,550047.59,4432689.87,879.61,14070.41,1
697,2021-02-20 02:29:00,550019.77,4432520.76,857.98,7084.95,0
698,2021-02-20 04:47:00,550016.95,4432533.58,898.23,8520.58,0
699,2021-02-20 05:01:00,550075.15,4432662.11,890.58,6576.84,0
700,2021-02-20 07:10:00,550041.39,4432545.47,881.45,8250.89,0
701,2021-02-20 10:23:00,550031.24,4432745.9,886.68,7045.69,0
702,2021-02-20 12:55:00,550019.65,4432549.75,863.66,8191.78,0
703,2021-02-20 14:49:00,550044.64,4432728.67,860.73,8668.08,0
704,2021-02-20 17:23:00,550018.29,4432537.12,867.77,12175.15,0
705,2021-02-20 17:52:00,550037.87,4432709.05,892.04,7629.71,0
706,2021-02-20 18:09:00,550071.02,4432633.03,873.68,8413.77,0
707,2021-02-21 02:59:00,550044.81,4432658.77,893.97,5480.16,0
708,2021-02-21 04:56:00,550088.89,4432659.36,870.79,4781.18,0
709,2021-02-21 05:50:00,550169.22,4432631.98,853.73,5692.7,0
710,2021-02-21 11:55:00,550059.65,4432670.93,896.72,13004.33,1
711,2021-02-21 15:00:00,550023.27,4432525.42,871.74,7911.4,0
712,2021-02-21 17:17:00,550038.59,4432531.93,864.8,4893.74,0
713,2021-02-21 18:29:00,550062.94,4432706.38,878.91,6378.42,0
714,2021-02-22 04:52:00,550098.49,4432625.81,887.15,5502.28,0
715,2021-02-22 05:59:00,550069.82,4432689,874.99,3504.83,0
716,2021-02-22 06:28:00,550049.18,4432638.49,886.26,5241.42,0
717,2021-02-22 09:21:00,550038.01,4432771.4,856.54,3690.93,0
718,2021-02-22 12:44:00,550038.27,4432627.02,885.74,4163.16,0
719,2021-02-22 12:46:00,550118.58,4432559.43,898.24,4799.16,0
720,2021-02-22 14:26:00,550082.05,4432612.25,858.9,5164.37,0
721,2021-02-22 22:02:00,550030.28,4432532.32,851.64,7017.56,0
722,2021-02-23 00:03:00,550069.59,4432711.41,860.73,4749.21,0
723,2021-02-23 01:59:00,550009.67,4432532.87,877.14,19875.95,1
724,2021-02-23 06:34:00,550090.69,4432631.8,860.22,4946.12,0
725,2021-02-23 07:33:00,550015.5,4432714.6,870.12,11089,0
726,2021-02-23 07:33:00,550044.57,4432582.01,898.03,5313.67,0
727,2021-02-23 10:30:00,550104.46,4432568.49,874.96,17418.24,1
728,2021-02-23 13:07:00,550175.21,4432662.36,853.72,4747.17,0
729,2021-02-23 19:26:00,550011.47,4432538.62,874.4,5028.16,0
730,2021-02-24 00:46:00,550090.4,4432677.81,852.52,6590.19,0
731,2021-02-24 01:28:00,550018.79,4432553.12,850.18,6879.18,0
732,2021-02-24 03:38:00,550025.54,4432516.41,872.95,6813.67,0
733,2021-02-24 13:42:00,550025.45,4432546.66,868.99,21293.12,1
734,2021-02-24 14:13:00,549992.28,4432536.11,870.98,5643.63,0
735,2021-02-24 15:03:00,550074.12,4432713.63,869.42,10648.28,0
736,2021-02-24 16:00:00,550015.1,4432705.51,892.69,9814.5,0
737,2021-02-25 00:06:00,550013.62,4432528.69,873.91,20935.06,1
738,2021-02-25 03:39:00,550065.61,4432763.37,853.88,15605.04,1
739,2021-02-25 11:19:00,550052.13,4432728.59,866.94,11392.08,0
740,2021-02-25 16:06:00,550050.01,4432710.14,874.39,18818.76,1
741,2021-02-25 18:06:00,549960.38,4432587.19,883.13,14036.15,1
742,2021-02-25 20:28:00,550088.99,4432740.59,854.69,5912.74,0
743,2021-02-26 04:55:00,550073.99,4432742.19,859.86,21613.35,1
744,2021-02-26 13:02:00,550099.28,4432654.98,867.38,9376.51,0
745,2021-02-26 13:10:00,550007.77,4432546.46,894.76,9519.48,0
746,2021-02-26 14:13:00,550004.68,4432527.22,878.18,9039,0
747,2021-02-26 22:41:00,549965.63,4432475.29,854.16,14413.49,1
748,2021-02-26 23:33:00,550016.36,4432533.41,870.88,16564.1,1
749,2021-02-27 00:25:00,550022.26,4432528.69,884.28,14656.3,1
750,2021-02-27 00:37:00,550044.11,4432512.59,850.03,11534.23,0
751,2021-02-27 00:53:00,550037.77,4432724.39,898.43,5011.64,0
752,2021-02-27 03:40:00,550051.13,4432560.05,880.49,4769.24,0
753,2021-02-27 04:00:00,550023.01,4432522.77,880.65,6071.02,0
754,2021-02-27 10:59:00,550020.6,4432517.68,868.34,4984.47,0
755,2021-02-27 11:24:00,550080.93,4432662.78,881.17,12396.18,0
756,2021-02-27 15:15:00,550015.6,4432512.68,851,13034.71,1
757,2021-02-28 02:00:00,549964.16,4432567.63,878.65,5177.11,0
758,2021-02-28 06:42:00,549977.07,4432601.18,889.34,15964.49,1
759,2021-02-28 13:54:00,550001.01,4432578.24,863.69,8644.31,0
760,2021-03-01 00:06:00,549984.36,4432529.29,878.2,6423.39,0
761,2021-03-01 04:32:00,550028.85,4432572.35,881.61,7681.46,0
762,2021-03-01 05:20:00,549973.53,4432572.75,874.87,10556.37,0
763,2021-03-01 15:39:00,550076.11,4432629.32,896.11,5530.88,0
764,2021-03-01 17:21:00,550005.09,4432600.19,880.33,5390.74,0
765,2021-03-01 17:21:00,549975.14,4432582.48,864.92,8382.58,0
766,2021-03-02 08:38:00,550068.57,4432756.09,879.07,15325.77,1
767,2021-03-02 11:50:00,550060.98,4432776.3,885.05,4248.37,0
768,2021-03-02 12:28:00,549961.78,4432588.56,890.61,11751.51,0
769,2021-03-02 16:55:00,550042.58,4432797.18,862.38,4101.86,0
770,2021-03-03 07:40:00,550043.9,4432718.26,875.34,13780.97,1
771,2021-03-03 12:50:00,550018.84,4432718.47,850.04,4372.34,0
772,2021-03-03 13:24:00,550067.06,4432680.58,870.81,7377.94,0
773,2021-03-03 13:43:00,550028.02,4432702.82,868.75,3524.7,0
774,2021-03-03 17:50:00,550071.85,4432713.57,885.73,5290.06,0
775,2021-03-04 11:28:00,550034.47,4432707.77,855.63,10801.94,0
776,2021-03-04 14:53:00,550020.78,4432711.7,877.69,14294.57,1
777,2021-03-04 15:01:00,550043.28,4432820.73,863.04,5371.8,0
778,2021-03-05 03:05:00,550115.94,4432680.37,876.61,8143.99,0
779,2021-03-05 03:14:00,550041.62,4432560.12,858.67,12947.17,0
780,2021-03-05 05:39:00,549960.05,4432587.68,853.62,4562.98,0
781,2021-03-05 05:47:00,550005.46,4432613.94,869.5,4828.54,0
782,2021-03-05 06:14:00,550043.5,4432747.49,853.09,9293.94,0
783,2021-03-05 10:31:00,550080.64,4432669.16,868.62,10434.75,0
784,2021-03-05 15:28:00,549991.3,4432598.82,896.27,6304.59,0
785,2021-03-05 16:50:00,550052.17,4432665.11,868.38,4378.3,0
786,2021-03-05 22:55:00,550011.42,4432558.74,884.98,5969.25,0
787,2021-03-06 02:16:00,550085.03,4432677.87,872.89,5884.57,0
788,2021-03-06 05:24:00,550053.54,4432769.36,852.24,5567.04,0
789,2021-03-06 05:56:00,550085.25,4432709.17,852.28,7339.54,0
790,2021-03-06 09:00:00,550044.29,4432735.11,869.08,12087.17,0
791,2021-03-06 16:58:00,550049.74,4432697.08,881.82,4391.46,0
792,2021-03-07 00:40:00,550016.8,4432614.94,852.68,6218.59,0
793,2021-03-07 01:47:00,550040.83,4432707.36,851.11,8224.48,0
794,2021-03-07 03:01:00,549942.55,4432569.02,897.91,4912.74,0
795,2021-03-07 09:01:00,549896.71,4432492.42,852.43,9675.2,0
796,2021-03-07 14:59:00,549986.17,4432570.76,883.13,4838.14,0
797,2021-03-07 15:52:00,550071.12,4432683.63,889.15,15786.99,1
798,2021-03-07 15:53:00,549976.49,4432591.11,890,7891.15,0
799,2021-03-08 01:46:00,550028.27,4432753.72,857.72,9304.11,0
800,2021-03-08 06:36:00,550078.18,4432653.58,881.34,9150.41,0
801,2021-03-08 11:45:00,550000.3,4432550.32,873.72,7370.08,0
802,2021-03-08 12:46:00,550096.63,4432666.35,855.81,15117.96,1
803,2021-03-08 13:20:00,550035.12,4432718.61,879.24,10383.25,0
804,2021-03-08 15:08:00,549970.65,4432593.63,894.8,5866.63,0
805,2021-03-08 16:21:00,550084.82,4432774.29,866.24,9568.69,0
806,2021-03-08 16:47:00,549960.56,4432546.95,856.59,4948.23,0
807,2021-03-09 02:10:00,550089.92,4432641.73,853.08,9926.22,0
808,2021-03-09 04:02:00,549962.16,4432570.54,860.56,6257.86,0
809,2021-03-09 05:35:00,550125.76,4432583.73,859.01,5804.92,0
810,2021-03-09 06:51:00,550051.45,4432633.29,866.66,3480.34,0
811,2021-03-09 11:29:00,550028.07,4432551.37,862.26,8896.07,0
812,2021-03-10 01:42:00,550026.99,4432608.01,887.52,2997.27,0
813,2021-03-10 03:59:00,550050.58,4432699.73,876.66,9038.47,0
814,2021-03-10 10:38:00,549977.78,4432877.45,878.09,10197.96,0
815,2021-03-10 11:11:00,550001.91,4432693.43,893.13,5977.67,0
816,2021-03-10 14:09:00,549941.19,4432552.95,884.04,3795.65,0
817,2021-03-10 17:19:00,549998.46,4432558.42,864.47,5865.38,0
818,2021-03-10 22:44:00,550005.35,4432632.25,885.59,4062.32,0
819,2021-03-11 05:04:00,549953.14,4432560,864.02,5069.59,0
820,2021-03-11 05:22:00,550090.57,4432678.96,864.39,4894.83,0
821,2021-03-11 22:51:00,550098.81,4432703.56,857.72,6400.23,0
822,2021-03-12 00:52:00,550013.38,4432724.86,880.62,5349.82,0
823,2021-03-12 08:03:00,549937.45,4432580.97,897.34,5661.11,0
824,2021-03-12 10:15:00,550058.17,4432673.01,886.77,5388.07,0
825,2021-03-12 23:18:00,550029.18,4432593.25,868.76,5875.8,0
826,2021-03-13 09:04:00,549952.39,4432565.37,857.1,9114.37,0
827,2021-03-13 22:12:00,550046.84,4432713.64,875.94,6962.53,0
828,2021-03-14 14:10:00,550061.06,4432657.71,875.07,5857.73,0
829,2021-03-14 22:17:00,549967.54,4432547.89,857.62,10763.06,0
830,2021-03-15 14:01:00,549977.47,4432576.94,852.9,15633,1
831,2021-03-16 03:22:00,549989.26,4432579.14,864.9,7715.57,0
832,2021-03-16 03:53:00,549946.91,4432522.06,895.93,6375.59,0
833,2021-03-16 15:54:00,550002.01,4432569.62,864.78,3873.58,0
834,2021-03-16 17:58:00,549947.52,4432561.04,888.05,8646.05,0
835,2021-03-17 00:14:00,549940.81,4432556.67,887.97,6129.55,0
836,2021-03-17 23:29:00,549932.98,4432566.5,859.51,9965.59,0
837,2021-03-18 11:54:00,550005.69,4432451.98,856.3,5049.43,0
838,2021-03-19 04:57:00,549973.64,4432555.05,876.67,4923.22,0
839,2021-03-19 07:07:00,549921.93,4432531.83,851.25,4172.09,0
840,2021-03-19 08:24:00,549924.45,4432572.33,875.1,7294.12,0
841,2021-03-19 08:24:00,549998.71,4432596.06,872.88,7252.11,0
842,2021-03-19 19:13:00,550168.76,4432573.19,868.84,5866.12,0
843,2021-03-20 01:33:00,549935.9,4432558.75,879.42,5600.09,0
844,2021-03-20 03:34:00,549983.89,4432557.27,866.5,4058.44,0
845,2021-03-20 09:52:00,549921.74,4432527.22,884.12,8056.33,0
846,2021-03-20 09:55:00,550050.09,4432761.87,857.1,7708.05,0
847,2021-03-20 12:37:00,550238.76,4432679.77,875.95,4676.99,0
848,2021-03-20 12:47:00,549896.03,4432551.5,865.92,13658.33,1
849,2021-03-21 05:31:00,549950.12,4432549.91,862.76,7698.79,0
850,2021-03-21 06:48:00,549930.22,4432542.96,888.02,13382.85,1
851,2021-03-21 07:54:00,550007.99,4432608.68,873.71,5800.53,0
852,2021-03-21 13:45:00,549992.25,4432624.86,853.88,7183.22,0
853,2021-03-21 18:15:00,550055.49,4432406.88,880.49,7694.28,0
854,2021-03-22 02:21:00,549969.36,4432719.92,882.19,5996.68,0
855,2021-03-22 03:40:00,550037.2,4432648.02,851.92,1527.63,0
856,2021-03-22 03:47:00,550001.01,4432570.35,884.34,1456.18,0
857,2021-03-22 03:56:00,549963.71,4432554.9,852.78,1503.12,0
858,2021-03-22 05:19:00,549938.46,4432542.46,862.38,2016.07,0
859,2021-03-23 15:51:00,549997.69,4432726.12,874.61,3486.7,0
860,2021-03-23 21:16:00,549973.63,4432574.12,870.16,6842.09,0
861,2021-03-24 04:19:00,549943.34,4432580.37,853.92,6012.07,0
862,2021-03-24 08:04:00,549969.19,4432713.53,885.1,6827.58,0
863,2021-03-24 11:40:00,549928.23,4432512.23,867.89,4316.25,0
864,2021-03-24 12:06:00,550180.01,4432650.69,862.77,6209.06,0
865,2021-03-24 12:42:00,549949.2,4432735.99,862.93,7432.7,0
866,2021-03-24 14:59:00,549999.05,4432668.39,867.18,7053.27,0
867,2021-03-24 16:36:00,549927.12,4432562.22,867.81,4009.44,0
868,2021-03-24 19:20:00,549992.35,4432577.25,885.13,4333.43,0
869,2021-03-24 20:34:00,549962.45,4432586.48,858.24,4218.47,0
870,2021-03-25 10:19:00,550105.03,4432581.72,854.94,7008.82,0
871,2021-03-25 10:57:00,550218.74,4432635.89,850.75,4322.92,0
872,2021-03-25 12:35:00,550393.78,4432664.47,888.94,10910.61,0
873,2021-03-25 16:23:00,549928,4432552.08,852.68,18389.22,1
874,2021-03-25 17:03:00,550015.14,4432617.41,852.8,4329.72,0
875,2021-03-25 18:53:00,549966.36,4432721.6,893.47,14064.04,1
876,2021-03-26 03:08:00,549910.09,4432799.47,866.27,6468.34,0
877,2021-03-26 05:06:00,550278.9,4432498.47,896.83,9633.71,0
878,2021-03-26 07:56:00,550014.24,4432528.46,884.33,4730.28,0
879,2021-03-26 09:53:00,549968.96,4432720.36,888.12,4699.98,0
880,2021-03-26 11:10:00,549963.89,4432605.81,890.44,6784.84,0
881,2021-03-26 13:22:00,549948.64,4432694.11,892.35,8759.59,0
882,2021-03-26 15:00:00,549933.78,4432588.45,867.72,7315.42,0
883,2021-03-26 18:06:00,549992.84,4432673.09,885.3,10147.76,0
884,2021-03-27 01:14:00,549930.42,4432585.15,876.44,8663.53,0
885,2021-03-27 05:21:00,549948.68,4432664.34,897.38,6726.53,0
886,2021-03-27 05:22:00,549942.82,4432734.55,863,6798.48,0
887,2021-03-27 07:38:00,549968.8,4432590.72,876.41,6088.18,0
888,2021-03-27 12:07:00,549947.17,4432710.04,870.52,10310.51,0
889,2021-03-27 13:38:00,550175.76,4432580.54,859.5,11606.93,0
890,2021-03-27 15:26:00,549936.94,4432715.94,892.87,15524.86,1
891,2021-03-27 18:41:00,550300.81,4432688.27,862.16,7184.64,0
892,2021-03-27 22:42:00,549949.68,4432740.9,852.89,13040.86,1
893,2021-03-28 03:14:00,549936.77,4432522.27,850.65,8326.62,0
894,2021-03-28 10:19:00,549965.07,4432753.74,895.13,11657.48,0
895,2021-03-28 14:13:00,549992.59,4432761.81,868.6,9737.35,0
896,2021-03-28 16:44:00,549945.19,4432730.53,875.88,6852.63,0
897,2021-03-28 16:56:00,549935.4,4432517.02,872.64,15049.77,1
898,2021-03-28 17:12:00,549970.93,4432714.88,880.59,8124.2,0
899,2021-03-29 05:51:00,549931.5,4432568.17,872.05,14966.32,1
900,2021-03-29 06:21:00,549922.11,4432535.44,891.22,7694.33,0
901,2021-03-30 03:35:00,549932.05,4432551.89,849.92,8407.59,0
902,2021-03-30 05:21:00,549854.16,4432502.27,871.28,7017.31,0
903,2021-03-30 22:45:00,549938.64,4432575.24,861.75,5896.47,0
904,2021-03-31 00:49:00,549951.58,4432734.55,868.42,7525.17,0
905,2021-03-31 01:20:00,549980.16,4432513.13,896.46,4575.44,0
906,2021-03-31 05:37:00,549986.46,4432601.27,870.57,6264.18,0
907,2021-03-31 12:04:00,549947.2,4432569.67,858.07,3433.03,0
908,2021-04-01 02:09:00,549983.27,4432610.5,894.9,4415.48,0
909,2021-04-01 12:10:00,549937.91,4432720.98,890.03,8043.96,0
910,2021-04-01 16:51:00,550124.67,4432701.48,856.78,2897.94,0
911,2021-04-01 23:45:00,549978.16,4432590.77,893.83,4974.37,0
912,2021-04-02 01:58:00,550024.95,4432619.36,857.58,5003.61,0
913,2021-04-02 12:10:00,549963.86,4432723.78,852.66,7965.96,0
914,2021-04-02 20:38:00,549986.55,4432826.29,850.68,2748.66,0
915,2021-04-03 02:07:00,549950.18,4432717.31,877.31,7285.7,0
916,2021-04-03 09:48:00,549851.84,4432717.4,869.75,3395.87,0
917,2021-04-03 17:48:00,549960.35,4432698.47,873.77,4276.74,0
918,2021-04-03 20:11:00,549993.35,4432721.34,863.54,7405.72,0
919,2021-04-04 04:01:00,549989.14,4432719.14,866.65,5704.54,0
920,2021-04-04 04:56:00,549972.84,4432733.07,853.76,6340.39,0
921,2021-04-04 07:05:00,549943.13,4432534.27,873.89,4656.8,0
922,2021-04-04 13:43:00,549708.84,4432814.97,891.41,4372.79,0
923,2021-04-05 10:05:00,549909.12,4432538.33,896.41,9260.54,0
924,2021-04-05 13:10:00,549932.15,4432557.82,871.55,9829.83,0
925,2021-04-05 17:03:00,549974.5,4432701.51,863.56,4210,0
926,2021-04-06 02:53:00,549940.81,4432542.52,869.8,5530.4,0
927,2021-04-06 13:40:00,549984.89,4432728.01,888.3,13108.75,1
928,2021-04-07 00:06:00,549940.67,4432731.57,858.57,6159.36,0
929,2021-04-07 03:58:00,550222.11,4432765.89,856.57,20721.45,1
930,2021-04-07 05:13:00,549957.63,4432713.73,897.22,10277.63,0
931,2021-04-07 05:48:00,549900.33,4432493.21,859.7,9149.4,0
932,2021-04-07 11:18:00,549937.08,4432577.96,898.07,14376.53,1
933,2021-04-07 14:31:00,549934.99,4432544.45,885.63,10226,0
934,2021-04-08 03:12:00,549937.74,4432713.25,849.83,5114.28,0
935,2021-04-08 04:38:00,549900.22,4432485.71,888.43,4416.35,0
936,2021-04-08 07:24:00,549921.72,4432524.4,898.25,13534.79,1
937,2021-04-08 08:01:00,549918.52,4432546.98,854.35,4740.78,0
938,2021-04-08 22:26:00,549934.79,4432548.08,871.68,4238.27,0
939,2021-04-09 11:23:00,549971.19,4432695.2,856.02,9056.55,0
940,2021-04-09 12:15:00,549942.64,4432612.86,897.4,7110.43,0
941,2021-04-09 18:33:00,550030.54,4432726.31,867.2,6393.66,0
942,2021-04-10 00:26:00,549872.21,4432511.31,889.03,4253.17,0
943,2021-04-10 03:00:00,549972.99,4432803.29,864.45,11503.14,0
944,2021-04-10 03:58:00,549875.53,4432752.22,861.78,5169.02,0
945,2021-04-11 10:01:00,549785.58,4432536.92,875.95,13132.06,1
946,2021-04-11 10:01:00,549919.64,4432548.88,857.92,6514.91,0
947,2021-04-11 10:45:00,549953.54,4432525.32,876.19,7011.98,0
948,2021-04-11 11:55:00,549902.01,4432530.18,874.25,7234.94,0
949,2021-04-11 13:17:00,549965.25,4432560.46,861.36,5898.01,0
950,2021-04-11 17:06:00,549947.77,4432572.15,857.77,5958.11,0
951,2021-04-11 17:18:00,549942.71,4432542.9,893.65,8992.78,0
952,2021-04-12 03:04:00,549902.26,4432748.95,869.15,7351.61,0
953,2021-04-12 11:05:00,549920.18,4432669.86,897.82,6236.71,0
954,2021-04-12 22:51:00,549968.09,4432737.73,859.99,8591.39,0
955,2021-04-12 23:17:00,549934.02,4432595.59,893.27,9315.06,0
956,2021-04-13 00:09:00,550170.34,4432627.84,884.83,7348.24,0
957,2021-04-13 02:04:00,549962.26,4432725.21,886.01,7584.71,0
958,2021-04-13 02:18:00,550208.66,4432802.27,855.21,16575.69,1
959,2021-04-13 13:18:00,549957.19,4432733.83,879.65,6761.25,0
960,2021-04-13 15:01:00,550023.79,4432798.49,864.38,8587.52,0
961,2021-04-13 16:13:00,549981.77,4432619.18,865.69,6840.9,0
962,2021-04-13 18:29:00,549903.14,4432546.12,854.43,17753.89,1
963,2021-04-13 18:31:00,549935.8,4432781.76,856.2,8125.45,0
964,2021-04-14 04:32:00,549864.16,4432580.34,880.39,8880.07,0
965,2021-04-14 07:07:00,549972.81,4432735.78,889.87,7812.32,0
966,2021-04-14 08:35:00,549984.51,4432777.46,890.8,9185.47,0
967,2021-04-14 15:30:00,549866.88,4432594.62,885.64,11169.14,0
968,2021-04-15 03:12:00,549950.01,4432530.76,898.24,8459.23,0
969,2021-04-15 04:38:00,549940.25,4432703.91,867.96,6764.61,0
970,2021-04-15 12:38:00,549952.3,4432727.91,859.91,3121.74,0
971,2021-04-15 15:53:00,549911.26,4432651.11,897.85,3045.73,0
972,2021-04-15 16:39:00,549918.27,4432512.59,874.04,16535.43,1
973,2021-04-16 02:31:00,549953.32,4432706.75,883.1,6552.68,0
974,2021-04-16 02:50:00,549965.27,4432725.65,852.57,5949.47,0
975,2021-04-16 03:46:00,549859.75,4432587.23,885.49,12012.84,0
976,2021-04-16 06:34:00,549878.18,4432581.07,895.76,10226.85,0
977,2021-04-16 09:27:00,549901.46,4432667.91,874.82,6020.64,0
978,2021-04-17 03:26:00,549902.91,4432514.54,885.2,13011.78,1
979,2021-04-17 05:20:00,549718.95,4432755.85,892.03,2918.45,0
980,2021-04-17 07:20:00,549878.45,4432580.76,874.88,8023.12,0
981,2021-04-17 13:08:00,549885.5,4432580.97,881.82,16022.74,1
982,2021-04-17 18:43:00,549934.28,4432685.61,883.64,5661.17,0
983,2021-04-17 20:23:00,549948.72,4432674.86,895.2,2327.95,0
984,2021-04-17 20:29:00,549809.5,4432724.4,874.59,2799.1,0
985,2021-04-17 23:26:00,550016.22,4432643.68,853.01,1954.73,0
986,2021-04-18 08:42:00,550033.53,4432596.63,878.23,345.73,0
987,2021-04-18 09:31:00,549886.68,4432652.59,890.87,941.7,0
988,2021-04-18 21:20:00,549968.21,4432762.62,892.72,3387.98,0
989,2021-04-19 02:23:00,549959.45,4432747.57,875.4,1983.89,0
990,2021-04-19 05:07:00,550015.35,4432709.13,855.13,10560.47,0
991,2021-04-20 00:24:00,549931.01,4432717.71,872.82,1671.11,0
992,2021-04-20 08:27:00,549930.66,4432677.6,858.8,2437.25,0
993,2021-04-20 15:34:00,549894.79,4432666.14,867.72,8017.15,0
994,2021-04-20 16:23:00,549771.27,4432544.32,895.62,1519.97,0
995,2021-04-21 06:53:00,549945.59,4432672.38,864.36,4281.79,0
996,2021-04-21 08:10:00,549878.9,4432584.08,880.24,16065.01,1
997,2021-04-21 11:09:00,550050.2,4432600.7,859.21,5901.27,0
998,2021-04-21 11:58:00,549942.58,4432696.36,883.65,4657.78,0
999,2021-04-21 12:21:00,549951.46,4432708.89,860.17,9775.25,0
1000,2021-04-21 12:27:00,549897.76,4432766.41,857.84,4462.19,0
1001,2021-04-21 12:47:00,549962.18,4432707.2,870.54,6727.68,0
1002,2021-04-21 14:52:00,549919.18,4432806.6,883.29,6352.36,0
1003,2021-04-21 14:53:00,549846.08,4432566.78,855.19,9703.64,0
1004,2021-04-21 17:45:00,549860.85,4432584.63,886.09,10082.55,0
1005,2021-04-21 21:37:00,549966.26,4432695.03,890.65,4283.26,0
1006,2021-04-22 08:47:00,549975,4432711.16,865.26,7682.07,0
1007,2021-04-22 10:20:00,549949.29,4432663.55,885.52,9854.32,0
1008,2021-04-22 10:22:00,549966.23,4432702.59,880.33,16877.28,1
1009,2021-04-22 12:57:00,549966.01,4432802.8,871.32,6514.78,0
1010,2021-04-22 19:44:00,549847.92,4432575.67,859.43,8841.83,0
1011,2021-04-22 22:47:00,549954.87,4432727.83,879.82,5347.19,0
1012,2021-04-22 22:54:00,549925.51,4432686.64,865.9,16631.89,1
1013,2021-04-23 05:39:00,549951.03,4432527.06,887.08,4550.29,0
1014,2021-04-23 08:42:00,549944.95,4432692.59,883.21,4874.26,0
1015,2021-04-23 10:13:00,549963.68,4432723.03,888.84,4752.31,0
1016,2021-04-23 11:32:00,549960.69,4432722.21,861.11,5210.14,0
1017,2021-04-23 18:01:00,550025.98,4432794.81,878.97,10378.42,0
1018,2021-04-23 18:38:00,549979.85,4432676.21,868.97,4701.95,0
1019,2021-04-23 22:36:00,549866.5,4432598.15,894.25,11303.35,0
1020,2021-04-24 03:32:00,550187.61,4432473.76,881.94,1350.88,0
1021,2021-04-24 06:35:00,549986.88,4432766.29,855.71,3868.26,0
1022,2021-04-25 00:09:00,549953.87,4432654.52,864.62,10419.13,0
1023,2021-04-25 09:59:00,549953.52,4432706.83,860.77,4440.7,0
1024,2021-04-25 13:39:00,550274.21,4432589.6,888.54,2263.4,0
1025,2021-04-25 15:26:00,549983.08,4432731.47,883.7,4276.2,0
1026,2021-04-25 23:57:00,549866.17,4432596.97,852.41,10494.4,0
1027,2021-04-26 04:21:00,549897.04,4432764.73,884.6,6000.71,0
1028,2021-04-26 17:18:00,549988.46,4432763.31,894.31,12154.09,0
1029,2021-04-27 10:07:00,549968.87,4432722.72,857.65,4049.6,0
1030,2021-04-27 14:44:00,549968.95,4432783.78,852.56,10239.54,0
1031,2021-04-27 14:59:00,549892.6,4432702.3,873.26,2211.11,0
1032,2021-04-27 23:19:00,549963.72,4432722.96,856.37,5837.51,0
1033,2021-04-28 01:40:00,549973.77,4432693.5,877.13,4542.77,0
1034,2021-04-28 01:53:00,549960,4432736.36,875.99,5652.1,0
1035,2021-04-28 04:53:00,549928.97,4432540.27,894.87,5055.21,0
1036,2021-04-28 05:34:00,549907.85,4432602.05,896.95,18512.67,1
1037,2021-04-28 12:37:00,549802.6,4432585.45,882.58,4861.7,0
1038,2021-04-28 14:31:00,549928.95,4432665.07,894.32,8044.45,0
1039,2021-04-28 23:17:00,550365.31,4432707.1,880.48,11921.23,0
1040,2021-04-29 01:17:00,549944.67,4432647.88,880.91,6147.97,0
1041,2021-04-29 05:15:00,549987.79,4432724.07,859.18,7544.96,0
1042,2021-04-29 05:44:00,549997.44,4432682.65,868.38,5316.95,0
1043,2021-04-29 08:08:00,549936.89,4432682.88,872.5,4519.64,0
1044,2021-04-29 10:46:00,549898.16,4432597.02,886.5,15676.05,1
1045,2021-04-29 11:34:00,549948.47,4432649.44,861.86,7011.29,0
1046,2021-04-29 14:29:00,549901.13,4432646.89,866.72,5340.03,0
1047,2021-04-30 00:59:00,549968.05,4432679.43,866.17,9858.68,0
1048,2021-04-30 01:09:00,549947.29,4432701.19,856,9003.47,0
1049,2021-04-30 02:27:00,549927.07,4432669.59,898.08,11494.98,0
1050,2021-04-30 03:50:00,549897.92,4432648.15,892.64,6537.77,0
1051,2021-04-30 04:52:00,549889.71,4432579.57,875.53,13367.91,1
1052,2021-04-30 13:14:00,549934.89,4432694.25,890.48,6690.85,0
1053,2021-05-01 00:42:00,549926.97,4432619.42,871.74,4460.88,0
1054,2021-05-01 03:29:00,549959.68,4432674.3,869.43,4600.89,0
1055,2021-05-01 04:51:00,549845.45,4432586.98,878.85,8000.83,0
1056,2021-05-01 05:40:00,549929,4432691.52,853.51,4985.42,0
1057,2021-05-01 15:28:00,549995.07,4432728.11,890.95,11744.88,0
1058,2021-05-01 17:00:00,550298.89,4432577.5,872.61,5919.79,0
1059,2021-05-02 10:04:00,549926.94,4432774.7,852.78,4585.61,0
1060,2021-05-03 03:24:00,549839.84,4432573.97,881.54,2548,0
1061,2021-05-03 13:25:00,549894.86,4432735.88,884.52,12094.83,0
1062,2021-05-03 14:11:00,549890.86,4432778.46,852,7576.9,0
1063,2021-05-03 20:06:00,549991.87,4432734.12,863.69,7784.37,0
1064,2021-05-03 23:03:00,549872.38,4432609.4,864.27,5025.43,0
1065,2021-05-04 01:53:00,549814.15,4432583.81,873.33,4491.67,0
1066,2021-05-04 04:23:00,549907.4,4432771.82,877.48,5247.71,0
1067,2021-05-04 06:15:00,549989.5,4432772.47,879.42,8960.8,0
1068,2021-05-04 23:55:00,550041.37,4432582.82,862.58,9983.72,0
1069,2021-05-05 02:22:00,549952.95,4432761.76,890.71,6583.35,0
1070,2021-05-05 03:43:00,549830.09,4432592.68,895.37,3844.07,0
1071,2021-05-05 06:20:00,549872.63,4432595.28,892.07,5669.73,0
1072,2021-05-05 11:06:00,549841.36,4432604.29,858.08,3765.9,0
1073,2021-05-05 15:41:00,549808.4,4432575.84,874.35,3661.84,0
1074,2021-05-05 15:50:00,549780.56,4432557.31,866.37,3157.24,0
1075,2021-05-05 23:30:00,549933.83,4432478.69,872.19,4802.24,0
1076,2021-05-06 09:45:00,549802.77,4432568.75,854.42,2213.53,0
1077,2021-05-06 09:53:00,549762.43,4432495.33,860,4575.1,0
1078,2021-05-06 11:58:00,549870.96,4432594.7,884.49,13829.32,1
1079,2021-05-06 12:03:00,549856.22,4432615.72,877.63,4706.7,0
1080,2021-05-07 10:05:00,549822.36,4432583.03,878.59,6010.2,0
1081,2021-05-07 13:22:00,550143.67,4432558.86,867.67,2770.64,0
1082,2021-05-07 20:37:00,550124.92,4432633.27,882.72,4762.8,0
1083,2021-05-08 11:22:00,549970.19,4432755.2,869.84,9497.17,0
1084,2021-05-08 15:30:00,549839.64,4432585.85,856.28,4866.51,0
1085,2021-05-09 06:26:00,549928.31,4432795.67,869.19,1554.11,0
1086,2021-05-09 11:57:00,550043.16,4432704.52,862.23,1520.17,0
1087,2021-05-09 17:40:00,549866.51,4432788.24,876.4,10923.77,0
1088,2021-05-09 22:41:00,549821.21,4432557.41,870.87,3699.94,0
1089,2021-05-10 12:41:00,549897.16,4432787.47,850.9,5550.11,0
1090,2021-05-10 15:18:00,549911.85,4432744.21,875.64,3206.95,0
1091,2021-05-10 17:25:00,549877.1,4432787.08,866.85,1070.42,0
1092,2021-05-10 18:13:00,549835.44,4432941.17,869.04,3284.12,0
1093,2021-05-11 04:30:00,549894.92,4432662.98,872.9,3000.05,0
1094,2021-05-11 06:47:00,549902.65,4432730.99,856.29,1341.67,0
1095,2021-05-11 06:52:00,549853.49,4432698.44,861.13,1268.89,0
1096,2021-05-11 06:53:00,549893.47,4432740.52,887.05,4024.23,0
1097,2021-05-11 09:56:00,550221.54,4432773.29,890.37,1609.09,0
1098,2021-05-11 11:36:00,550132.71,4432680.47,874.22,2313.16,0
1099,2021-05-12 04:02:00,549730.1,4432573.07,897.01,697.34,0
1100,2021-05-12 04:53:00,549875.07,4432577.2,887.63,825.96,0
1101,2021-05-12 05:13:00,549709.33,4432552.83,888.54,1881.98,0
1102,2021-05-12 12:41:00,549922.13,4432766.36,864.24,23381.55,1
1103,2021-05-12 13:29:00,549836.66,4432872.47,883.61,1224.21,0
1104,2021-05-12 17:34:00,549803.58,4432579.54,853.32,5387.08,0
1105,2021-05-12 21:30:00,549858.13,4432738.25,866.36,609.9,0
1106,2021-05-12 23:07:00,549812.61,4432721.2,860.69,1170.36,0
1107,2021-05-13 05:36:00,549832.9,4432729.25,875.66,5707.68,0
1108,2021-05-13 06:13:00,549845.05,4432741.84,876.97,3315.66,0
1109,2021-05-13 10:49:00,549858.49,4432814.37,876.24,4016.49,0
1110,2021-05-13 18:10:00,549827.73,4432766.64,862.41,6405.45,0
1111,2021-05-13 20:00:00,549892.28,4432725.98,866.88,4808.34,0
1112,2021-05-14 04:28:00,549868.87,4432736.4,872.58,10988.53,0
1113,2021-05-14 07:10:00,549865.95,4432663.88,875.47,2607.09,0
1114,2021-05-14 07:31:00,549776.05,4432559.7,863.22,1633.77,0
1115,2021-05-14 11:53:00,549833,4432599.46,857.67,1574.07,0
1116,2021-05-14 15:43:00,549863.54,4432586.8,857.62,3544.43,0
1117,2021-05-14 22:34:00,549804.93,4432569.01,855.72,7224.54,0
1118,2021-05-14 22:50:00,549828.06,4432652.2,875.08,2348.74,0
1119,2021-05-15 01:54:00,549849.65,4432722.25,895.39,2693.56,0
1120,2021-05-15 02:05:00,549878.18,4432741.54,885.28,3244.23,0
1121,2021-05-15 03:33:00,549829.97,4432794.4,870.31,2655.82,0
1122,2021-05-15 06:07:00,549727.68,4432605.45,874.11,2788.64,0
1123,2021-05-15 10:00:00,549834.65,4432573.18,858.82,3364.49,0
1124,2021-05-15 11:45:00,549764.68,4432549.9,859.28,5714.83,0
1125,2021-05-15 11:54:00,549842.22,4432598.2,859.41,7969.84,0
1126,2021-05-15 12:10:00,549882.91,4432700.01,862.41,6856.13,0
1127,2021-05-15 12:29:00,549813.31,4432887.9,887.71,5965.59,0
1128,2021-05-15 14:00:00,549905.63,4432735.43,872.51,5425.1,0
1129,2021-05-15 16:04:00,549847.15,4432715.26,881.88,4255.51,0
1130,2021-05-15 16:58:00,549918.64,4432683.21,871.13,6451.68,0
1131,2021-05-15 23:37:00,549823.26,4432610.73,889.39,4073.69,0
1132,2021-05-16 10:01:00,549868.37,4432806.18,866.85,2791.43,0
1133,2021-05-16 10:34:00,549757.99,4432599.01,892.07,2968.42,0
1134,2021-05-16 10:58:00,549881.04,4432624.9,870.62,10981.57,0
1135,2021-05-16 15:05:00,549845.55,4432608.96,867.54,3493.71,0
1136,2021-05-16 19:52:00,549842.37,4432608.39,879.6,4293.33,0
1137,2021-05-16 20:28:00,549881.8,4432821.24,854.38,9100.8,0
1138,2021-05-17 05:57:00,549846.11,4432700.98,867.16,4483.28,0
1139,2021-05-17 17:05:00,549849.75,4432596.25,880.39,9227.36,0
1140,2021-05-18 00:11:00,549822.29,4432600.84,881.81,7969.3,0
1141,2021-05-18 02:31:00,549907.73,4432697.62,868.37,6214.63,0
1142,2021-05-18 03:45:00,549788.83,4432655.4,871.79,4675.18,0
1143,2021-05-18 06:08:00,549825.36,4432813.75,881.62,7605.73,0
1144,2021-05-18 11:13:00,549847.4,4432801.7,853.75,3710.7,0
1145,2021-05-18 11:29:00,549943.79,4432775.2,861.1,3887.54,0
1146,2021-05-18 14:48:00,549812.31,4432546.25,879.81,14940.87,1
1147,2021-05-18 23:25:00,549835.39,4432618,885.5,6933.75,0
1148,2021-05-19 05:23:00,549881.97,4432794.8,858.63,3571.21,0
1149,2021-05-19 05:41:00,549855.6,4432854.43,861.01,4286.04,0
1150,2021-05-19 09:38:00,549850.77,4432609.39,857.4,4203.26,0
1151,2021-05-19 09:55:00,549851.62,4432747.03,879.27,9890.24,0
1152,2021-05-19 10:49:00,549834.65,4432620.07,872.13,7186.58,0
1153,2021-05-19 18:11:00,549832.7,4432641.57,886.98,5122.6,0
1154,2021-05-19 23:01:00,549807.17,4432593.57,891.25,5772.29,0
1155,2021-05-20 01:25:00,549843.65,4432608.73,868.43,6474.99,0
1156,2021-05-20 02:58:00,549854.44,4432540.92,872.65,3106.42,0
1157,2021-05-20 07:55:00,549799.29,4432605.43,880.13,9839.31,0
1158,2021-05-20 20:10:00,549812.68,4432620.61,878.34,4484.1,0
1159,2021-05-20 23:12:00,549971.2,4432770.24,854.76,3919.16,0
1160,2021-05-22 00:36:00,549713.46,4432525.42,885.83,2977.8,0
1161,2021-05-22 05:27:00,549890.23,4432671.31,885.65,3086.61,0
1162,2021-05-22 08:42:00,549957.32,4432880.48,886.04,3288.84,0
1163,2021-05-22 12:58:00,549906.75,4432751.89,874.42,8533.35,0
1164,2021-05-23 02:02:00,549813.68,4432620.51,891.07,7251.83,0
1165,2021-05-23 03:45:00,549875.84,4432803.98,853.77,3550.91,0
1166,2021-05-23 05:19:00,549821.98,4432734.07,867.78,6619.63,0
1167,2021-05-23 08:31:00,549886.57,4432795.67,858.88,3653.97,0
1168,2021-05-23 12:27:00,549737.02,4432570.07,891.33,4391.75,0
1169,2021-05-23 14:09:00,549806.64,4432573.39,876.68,5181.15,0
1170,2021-05-24 02:03:00,549913.32,4432771.25,879.02,3721.08,0
1171,2021-05-25 10:45:00,549783.73,4432595.02,883.98,5484.04,0
1172,2021-05-26 03:45:00,549895.12,4432838.24,858.79,3194.89,0
1173,2021-05-26 03:57:00,549898.35,4432775.23,895.52,3388.36,0
1174,2021-05-26 08:48:00,550041.78,4432729.95,858.05,2318.98,0
1175,2021-05-26 11:02:00,549882.76,4432849.73,859.17,5089.9,0
1176,2021-05-26 13:36:00,549825.09,4432594.62,888.92,3752.04,0
1177,2021-05-26 14:50:00,549885.83,4432816.22,877.8,2850.14,0
1178,2021-05-26 17:56:00,549800.36,4432588.22,858.65,3455.45,0
1179,2021-05-26 23:50:00,549896.21,4432748.06,885.69,2506.32,0
